{"version":492,"hash":{"type":"Buffer","data":"3bhzEUibPT6JHHT2huL/iFDjQl3TLC0FEitsYubzcM5Zr7F9Ai145il7R8+WjEMWamKEfX2rkNLPqLeSyYUnoUI2tiDOYmNLwUeprtoRp0ly9quLm4fsvQ1TtxUILnI3RXYuYelSpevSjvFvbZHpG6qDI429b778V2gbOs6a7ms="},"indexValueMap":{"AJRQufhxGw9EbhvtssMUem72aPd2IfgNQK5+B4DOLe4=":{"valueMac":{"type":"Buffer","data":"ooAG4pl3LnlN/5b4snZemg5G0Wsljg3LdALQdKHQBdw="}},"Ab3DIyvHfiwmAuUsaWrh1ABPZblBGyCNV8Aqg7O0w2A=":{"valueMac":{"type":"Buffer","data":"aWm182VlljtQOS8lrF2FbH0UXvQrO+/RewDlWMqN4rA="}},"At++ZLZ3Zw5Rpz+BB+VBCrVd40G2SK6pG70RzLh1cMk=":{"valueMac":{"type":"Buffer","data":"J6PeDtKSfwWmWcSlpBcsnmx6pkmsBBYvQr+15C6kBw0="}},"BHO7fDPiQFtJTBSrY60ZVJkAYPpSGrb65rIAr5qCpNQ=":{"valueMac":{"type":"Buffer","data":"V+DVMD8pwLjh9LqBcgyr00GrhZVxVIMpZ0xKIiBJdbs="}},"Bo1+BHVXjk9ThPTvLKIBW+N6Mehvo5sqTLjIH7KmBUQ=":{"valueMac":{"type":"Buffer","data":"CWr1dpMgkZiM89F6+i9dbfUVetLrqw3r6xnWeDJY79g="}},"B4gzxvtn31DLr9Q6Ljk5Iwfr3LqOLJXFqoQbT0vc4j8=":{"valueMac":{"type":"Buffer","data":"7TKs+ae5file6iTqTUf4F/DIUYbK8Avt7b8e80loycg="}},"CA7QizngHejvZUfLOcKuHWOsIp70hp9sgXbOKbvk9ZA=":{"valueMac":{"type":"Buffer","data":"ZeJzjL54+WEFBMKyW1kKeL//VA0dFsztfyBg1lTA6Vk="}},"CE+wUnbc8JZ4DnTJ0NYlBCJI+L5ziEGTb76dw9J+kxs=":{"valueMac":{"type":"Buffer","data":"+kvL8CenPkMtZWTwWz914dWF8ZTlf4JbCbwjcsfUlV8="}},"CV6zXFizY2O95xItzX3uUrJTOL3U1g+2kjsm4hShmLw=":{"valueMac":{"type":"Buffer","data":"gD1N69W3i5C8vHa3/G8nWnGn0kigAUxQRaV8oR7nqTE="}},"DOaQ+h2pLs4lIUt01tZpNTuyft69Xfrh8hYQlEygyho=":{"valueMac":{"type":"Buffer","data":"besfobTzIe5iNChtOw8EXx0lwjk0mSIrwUxjom8s6UA="}},"DTqepRhxpVx82Z2mHvdS94rchc2yz6W6bayKR4stUmk=":{"valueMac":{"type":"Buffer","data":"eAjFPJW7yw2kvt2dCEJQzzmVYAGT6URyIwtId4k0enA="}},"DYn4MmcWE8wsYLdNIdXx4PqnWPYRMt53pDtlONBp0kI=":{"valueMac":{"type":"Buffer","data":"FaRoIrkn2BsH+ucZY8amGnQpgd+Tyu5Xf4t3E0JOEOE="}},"DqgWz805vAMmrJpy+gLzZc1MXyvMZUF/AhSx4xdMnsE=":{"valueMac":{"type":"Buffer","data":"MgFR4qLaJzbNeGCPzt8dACkfkU3JNL7CIcv6NoX1CFE="}},"Ell4nLO/Gm2sDRkTw/fclvroAjqyYyrYEWg1JSp1OqU=":{"valueMac":{"type":"Buffer","data":"teeBW9m8fsdneE3fmb6WTLGjwK3ihoJGss5GmAgUZ84="}},"EwBc247UhUb5OjYjJ3zvuKKN+lANofaaphPMITqw6oY=":{"valueMac":{"type":"Buffer","data":"ukPwlP9JsoVfz1/AFP6SEK6BBdOa3htgySm6Lg1C64Y="}},"FCceQi5Sl94TfRgSXppCgL9IuleEnruMwsTfHBJL68U=":{"valueMac":{"type":"Buffer","data":"vfJnZ1PdVrZiv4ixDjVEnmyhaayTewbWFGNPH1mENaE="}},"FuF0TeHc0ZSIXtRq5kwMTYU0xqRPltM7Xi1j1V//y5g=":{"valueMac":{"type":"Buffer","data":"R/BlvxEj4PHx4B2crteClkDuHA4eZPSrxa+M29QJjvs="}},"GKyj305wAholY74Tm9WkwhtwPwYe0MS0eUJ77PIbDcM=":{"valueMac":{"type":"Buffer","data":"S8HeF0zTiPGmTcr168vfMiunrdA3e7b7gOPd1ZrgUb4="}},"GkPheJuoa6WywdTpWU4X+h2vZbhJc2febiaRJuOInc0=":{"valueMac":{"type":"Buffer","data":"FM9P75D5SHG+jK0znqe2M+wRhu0epgXtOdnhaN5bdK0="}},"Gq5Nubd6TpROF/QiNh47Duiq//3SdQjffpBiVAs+xIw=":{"valueMac":{"type":"Buffer","data":"dGFo2JIG5g6tawT7p//j6MDrDRh0FDQbp8bGoAzfZ8o="}},"G9TS8vTBGjD6CC1fl5LgrnY3f5YVZWli9GGGR+tTcLs=":{"valueMac":{"type":"Buffer","data":"apc2kcOXQqimG5ryA63/vMtJQ5XFoYAkATj4MRytIKI="}},"HS4TtpA6RZcHnP4sakneu3SoIXj2t2FwMilOUuP6NFc=":{"valueMac":{"type":"Buffer","data":"u7P8EVoH5MhIsUR4v/Fj8BoarDZ/Q3xTLIMq9MO5YE8="}},"HiF6yNRFDz8Vgqtr/2JORaspbGmaW/dsv1G3Fhqcfhc=":{"valueMac":{"type":"Buffer","data":"I19E+eOqAwuzZWlhk8+Cz0UcyRxVmXBsSKeugjQTB4c="}},"HsD221xTxAQeHzio3NGWnepWlxJ06qXqZRMzPtep8Gc=":{"valueMac":{"type":"Buffer","data":"8NJGBKAt7ep517tHZ85IP7G0USWlxPNYrgMAdslL9M8="}},"IdbJ9EORKfLgd/yntTkrSs9sQ+tTjZ0Oq+t6P4fSSCI=":{"valueMac":{"type":"Buffer","data":"oEZuDS9YLdhfjCOFE76P0fih+ng1TDWLiLtrYkZZqgk="}},"I0eagSLsW3HjBvh7osruGurA2kMozlAQwLq6fgeWekk=":{"valueMac":{"type":"Buffer","data":"bLCor609IQPraIfokyFuibHeDdHOd6vYGe4fVPIA/8Y="}},"I2YmwVCWyine9fX167X/BQ70ukjHRl7Kp4gaJZLDcPs=":{"valueMac":{"type":"Buffer","data":"8YHXq7yVgMP9w87bfJB2wdYtm7GGGlWst5AbFxyQpyE="}},"JGhVo0t3zqlZJrJNjbKSPyngn23zB2K+uTk4Bebsdz8=":{"valueMac":{"type":"Buffer","data":"R82kJt4NtBEtHObCyhmhVJ8bsaWzWbnoQzUGwPmxvSM="}},"Jii0CFt8r3BjtcE9jJf5x1/j+GsLpE+X7jiLkmzRWO4=":{"valueMac":{"type":"Buffer","data":"UopCMaffUF68tP7WsXLCKup8dJWpCx8jhutLR2M6qpY="}},"Jw43qnVQV6nPluPq5EYyI2edHupeepAfNhOK1T9Rg/g=":{"valueMac":{"type":"Buffer","data":"OSt9ZVg/vjwTGvgyVKw5hX+p8Zx30hPUT7U+L9K9eYs="}},"J4r4TO70mDUCHpuqJY17BfADN0lsrAHsTRT0qroriw0=":{"valueMac":{"type":"Buffer","data":"I3/5Prw35yfGCs0/Uy8bA5DACW6QiTiyzhY6bdi9B8I="}},"KD9+zhaYG9LVZhAT9NTkDtG+25OOniOPrM5AV7u2IQw=":{"valueMac":{"type":"Buffer","data":"R60CIInd8dV/ZsoNK3lvHg0CRN4v+7cmH9cnhyciiSk="}},"KFx/PFWnbcwP20ducgZMQeVhGKjg75Vpqt3luPBBN50=":{"valueMac":{"type":"Buffer","data":"rQLnAoTip5BeDRQnUFKbknyWx3pey4DD7A8jTGIF52U="}},"KPth5t3bJuVvGLyk8u6PtFeliUTicvoKO4f756Ssnno=":{"valueMac":{"type":"Buffer","data":"PGoblhwuxm8hKF9ItSNJGBUHTpRr1hnIlRe4NZPr/YI="}},"KWZy/fsMtuHc4o/WOENy5p70iK3wljEh5sqxyIzSkkA=":{"valueMac":{"type":"Buffer","data":"6YTwJAjmGPCqsfzRFZCspPnZUjft6lRyucUy7khcReA="}},"KkezJxQbHoiAfxMxgL0k/Bhj/hZt2dLM9dSGelfRfUw=":{"valueMac":{"type":"Buffer","data":"XzJF4tWGuNv0Gs4gVRtiEMfob/3iAquspvv+6CkXLPw="}},"Kv3iG+JDhXQu1ELwYM1gApTHswnfQge3BXReffo1Mc4=":{"valueMac":{"type":"Buffer","data":"wZas5/ulP81nQUZTJI9trpoggS6QXHnxoPS8exzBWGc="}},"K0d4LQ3F/H8+3ypqQqqisR539eg6sztPr4oTIP7mK8c=":{"valueMac":{"type":"Buffer","data":"t6UJr2YMETmEZ+mteWlbE7jX1fpRhK5CWlGosNBNSRM="}},"LIhGyEZbmQbZHbkZrPWKzr7PcoXs7byF++MRzcJQSF4=":{"valueMac":{"type":"Buffer","data":"30RuCu6rmxT/BvWccJxtd5QJMbT5AUntIyn3+OVKE5c="}},"LbgjynJ2NUnsqMEc0L/odhxRq4zx8oY/f5rIHlKK3XU=":{"valueMac":{"type":"Buffer","data":"ycmZYcxqLE72lhmeE9VZZZlUl/kLlORGEH3gJRwXNt0="}},"Ld+a0zHvjVFXS1Aht+jo5hEBnCEOcOZsLWiShm3vJ2E=":{"valueMac":{"type":"Buffer","data":"Z7meS9PjaP+RAdtyOs2JbNdb3ugjm9jjv65nBbQo4/4="}},"Li3L0aM7lYv3Jo1eXNCp+jGM2151PkIeZdyL+Kjn24c=":{"valueMac":{"type":"Buffer","data":"aOZUyLm5cM2jNfKSMXC/yD+BmsRprKO8eh/wcbIbs6g="}},"L0w6VqbGycj8WlNosGol9cobKosjOA4sI6OZP0RUfKY=":{"valueMac":{"type":"Buffer","data":"pLq+Ccz+lYNVnwLSNT23OieOvyAnBw9UZSY4FyJSm2g="}},"MV33fPq6/5xVgILYGDNIlLZNsnw1LCDFNIqogg2iwbU=":{"valueMac":{"type":"Buffer","data":"4B9xVJHa7nqnSnlBK9IuamfiRjofLrigjlAaae39vJc="}},"Mngv/EIaCQ/kW3PYGXqQulo90pPHHW9EWjq73e39Li0=":{"valueMac":{"type":"Buffer","data":"bt71wBgbUZOPvNx3U96NhPbbFH5Wjch0Nscv1ewUAs0="}},"NbMEOnbsUfTq5fKVVBXaidfMSYIi8XelqEUKUp8A0xA=":{"valueMac":{"type":"Buffer","data":"F+1qj+NiES8DzDA1JW/5JCoSgV3nZA9VG3b3I6z5QZU="}},"ODOa3MFcvz/1wjoDw8niuKizYgI0g4VTFaBlJPYlahY=":{"valueMac":{"type":"Buffer","data":"AQtJkv8+Ea37m/smrlc4eXOXKHaYIiuGOYD9FsSIkcQ="}},"OncWodj1+E/oBCGPt1z2Byb7XhH9N2qXlwxfA4oX0Mc=":{"valueMac":{"type":"Buffer","data":"umgdyME6InZDX5vNLWjep9WSX2nPDBoravsYexe4Y7A="}},"PD2ksjQgXp3q3WmFylfS5tKoWM1aqDVsgJ7CzOAuHT0=":{"valueMac":{"type":"Buffer","data":"Lk38a+Lk/u3rbKGpWr5HG7NUUa4U2eoU+VDeHurvjQM="}},"PJf06RWf37LByqs2Ipg4NfS3Rjx9jevwyhG1MJtd0nM=":{"valueMac":{"type":"Buffer","data":"IjPrt9Bmd3AVOXempxEx9aCnph9rlBwPG6Gjk0sS0xc="}},"PU4kbusq0Uf70M08g4/ZYJdmmdX8iPxiX0q/PLKzBGA=":{"valueMac":{"type":"Buffer","data":"h42rRQzI1AK3HiucOMBnJmRY1BSqTjUOiYGtLJL/iDs="}},"Pj5Q2u0NFDq7uIQe+gCZBSe0zdFEYmm+9ZKY7h7bJr4=":{"valueMac":{"type":"Buffer","data":"MFRsfziAVOiy/c3Ip5Ud+6rAKaLtzca2Oo4nZNEKDOM="}},"Pk1VoFb3bNfqG8ozWd9abgzqMz4BoTwx7/wuuTQbX04=":{"valueMac":{"type":"Buffer","data":"KCeyKYDZYjK/wW0pYTEkoiv80mkaXG7QIMTf8RpzNyI="}},"P+cDgN6iCAk1QBRSm3/mcqGN3ZpZHwv/D/cmt6BlthY=":{"valueMac":{"type":"Buffer","data":"RjutAcadGpoIo72M907jwI25uHimbi7ddbjDQc6MFXE="}},"RGKX40IuGR5lhFi9zCXqkiSugGKxEjb3PFgcyXo5Jg0=":{"valueMac":{"type":"Buffer","data":"07x5CWOaM7ZxI+kDWVmTxxDXAqpdb66Nwg6Y+PXjzr4="}},"Rmyxq3AmHVJ3A0nRv/8z4Ob+CBBtbBimbtib1Mom04M=":{"valueMac":{"type":"Buffer","data":"j9FoaeB8D+qlcv0Lvy5kthLMLCg1TZpvAeD3zEwCZcg="}},"SJSokIf6rZS5Sfq1aRMvDgWobtaYx6lE9HT+JpI1VTU=":{"valueMac":{"type":"Buffer","data":"xBQp5hn9qkYTzkz4ETHRaB3bUn5QprYL5Kc/6YE/bAo="}},"SyrNV5Euu3yLujoWRl03a7o3iwSmDsBsDRNJVmvEq74=":{"valueMac":{"type":"Buffer","data":"LYStxBmnNmFR/h66m63yaceqdH0caMazA4diieFpDVc="}},"TDO0nuGHPNsXeNghYvZ4n/Ra/Z6UuH3dcM8ya+4kcaY=":{"valueMac":{"type":"Buffer","data":"7XSt07zz8FQbah+XHeTeyxzJEIPhShbCL6eN+jMdGew="}},"TRXiLaDmUg9903xdInLht9MTlOu808maOAgP0+qvnQ8=":{"valueMac":{"type":"Buffer","data":"EMwUk4P3JgJjW20E8tOUDSQcZa/KxfFHVhuuKPjW7L0="}},"TbQwgVcRw+dtExo1oav10iNsV1A3IK7m1b2BZjChNuY=":{"valueMac":{"type":"Buffer","data":"NZXQvaYvIlSDtCLwHALNNhuvbtGcTKGWQTFsFGrPCGs="}},"TtOdpuMbD2GLEH0PT5NrImNV/mKX+9OX5eYIUdvgZek=":{"valueMac":{"type":"Buffer","data":"m03E2fys0dCgG1ZD/Enr33k1opymmeewnPyB4n4zcUM="}},"UHy+Lq8rREQ5+Rb3dR5yhPYQoVPae4J/oOdo8IMO8/I=":{"valueMac":{"type":"Buffer","data":"EQesqzfdZKO65XDDVCKVDnU/hNUzRihgiDzdpz1avWM="}},"ULgMf8eGS/x1vdDILqvUdDLy7TAT0TeVrt0mCPFl7wQ=":{"valueMac":{"type":"Buffer","data":"b+wTOmwKVXJBcuCqzNlsADP5qMGCvytan3WHXl9WIm4="}},"UR1YH992tJchIOlReFvHenhQKHhUD1shuZyB8MLoMo8=":{"valueMac":{"type":"Buffer","data":"O69NtM9FgRgjPAJlavz3LFuUjWDFfJ3HILjPuz/Jt5c="}},"VXfcE2P4tjmR5/OVu9hlCfqa6OSyBzetebaepuSkJDI=":{"valueMac":{"type":"Buffer","data":"BocF+N0WK8Bo69+Ha0IO0wT+bfIbKh5up5BfbPdkaXw="}},"VX9pUNAdwWoip/x2/QnVP2je32+tVQDtcXffTUsEcW4=":{"valueMac":{"type":"Buffer","data":"nqK/oYdL1Ah8Wg10foDEWi5G72Dd5jR99GdijG6/xRA="}},"VhQwg4TB71hDt4HpSepHJ052eAGFpF78r/D8YXgNbKI=":{"valueMac":{"type":"Buffer","data":"RFLWOETqf75zA+jPT8rLDV2NHx5XTrnyl2b+Mq6vme8="}},"WE/oFdp2NcElUXdf8Wuul9OX5hH81m9QvQuNZUeAVg8=":{"valueMac":{"type":"Buffer","data":"XVOBtKpFaKvczufhZ53HG3P+pXgYoaXX0fxvpACcgDQ="}},"WRzTpJ7wDktoszWhXqEefXUAcEcSsMlNOSqoB5nCrxU=":{"valueMac":{"type":"Buffer","data":"Nn8cxScsQ+fa4EyHHEfVjAuxf/ZnYWQeuRZYieg9g+M="}},"WZUpOkNNV4Ll6QP+Lu0dBnPc1YBPSzTUc+2laCKpZ0I=":{"valueMac":{"type":"Buffer","data":"mNNBpAwNxmnDz2Y1OHbjx3hnX+Lx4PPaCk3QEJodvZI="}},"WvHGpe38sj5MgR5dzBgYrYDwXAEvi0e4nwPUearzZw8=":{"valueMac":{"type":"Buffer","data":"ekSeWWtM6GOiKdoabDl4g+thESJBV3V7vE64vgVcpPA="}},"W406ZRVGVcUegHdhz+T4AsvSClZpZtZeTLljwxt20fk=":{"valueMac":{"type":"Buffer","data":"25CON0s0hX2/3/+pDSxHUsc+3ajuTQybdOVXTiJmIz4="}},"W/G6l5Cj7e7yA/BfZHZNLYJscCQTF8afVfCF6dAOsRU=":{"valueMac":{"type":"Buffer","data":"VFeJR2izY4Zx86gSQqBAjXMzquIlrjI4BdJdrVZa7lg="}},"XGEll/DcUSV7klzTTivtqFgfpsO3j98MzHnDg+7NPuw=":{"valueMac":{"type":"Buffer","data":"oeWq5QlEwQ+1YQDPKxmFyZAgoNDGcaC1GNIVHA1W5mc="}},"XTljsgbh2RNfGDsXHO6cx+AB9KhWlzDV3DQEnLfW2wU=":{"valueMac":{"type":"Buffer","data":"MPYcTASmyUww2nkRHDTsb+SZy9kAHDmjShkplk1MYSQ="}},"Xep85MIY3XmDu7EQgjyMm1qPiCMHvAU2tcx/I5ybock=":{"valueMac":{"type":"Buffer","data":"Fqc8Av2IDpLz5AzMJI6Px+57N+VFwloMHnyhmYYgPxI="}},"XtioDmT3qCfdyobY0RIh1XJV48JfcbNcbv4LdSPjYdw=":{"valueMac":{"type":"Buffer","data":"bRBjQ0g8lX3VqnR8aClEurO8nU0fq83PAdnzZkRMzkY="}},"Xtt1hmVSRYzHci9alVuX+3pkZC9bv2C8dORC1384jzE=":{"valueMac":{"type":"Buffer","data":"SxSTR5OZ4K9P1aqPRfUsRKcWR511o09i2MKjk4edWnk="}},"XzZDtznkxK3Gvul/ZLmV4wOlPHJtvadrIvt5QQDRREY=":{"valueMac":{"type":"Buffer","data":"XbtL5TAMzqj+PvzmJUc6C2Q/pKwkgWsAVSBMfVmZu+M="}},"X3hAtVcrE6ElIvqHm+fUAUzRjaM2kC6OqnkB1q+g4sw=":{"valueMac":{"type":"Buffer","data":"puQMV785Sz6SLuxQBfNuYR3vHD+KjZSzh9fvCxopHrE="}},"YGLNzfVUodOOT8mrVirdmZpehoe1iaPb6O2Klky4J+E=":{"valueMac":{"type":"Buffer","data":"U4twlqoYG1ZHoKfQYQ3eU/MUJuiaR+0A6XkyO0QGaD8="}},"Y4ckiZwz/fP24eGo3OlfD7s+lHJEmGbZ/h5zHd7/chk=":{"valueMac":{"type":"Buffer","data":"iYzd4QjYQA2DeGfTsVtQxyM9GpKBS4Ctc8uQTBWAvzA="}},"Y/xFFTDuUWzgvTEQXN98Q171HULz/hxUKwI3fAAT0aI=":{"valueMac":{"type":"Buffer","data":"lJjB7Vrkf0szf9A183gvbJ6DDMV7ZtwbGj6N3TlqXXs="}},"ZMSn8f6mHMuIZ1stWziqPE7gRDbBnYzdlLOs0egGlEQ=":{"valueMac":{"type":"Buffer","data":"tNob1WprinNpSV/M+dtK0nGFBXu6wExYv4P+USHEtpU="}},"ZolmZOTKycjJiZRjeaGBs5RbH+G36bIxk3+FnqqHA6E=":{"valueMac":{"type":"Buffer","data":"DfzMbnVDLZ+8AG3JLYFpIjsiQKAccI78vrL7wboPd2Q="}},"ZqVxam0lCN/XW5k0t2JRXk5F+VsElwtC2EGy2KjsPHs=":{"valueMac":{"type":"Buffer","data":"Mm3+9/bF75HHvqESyAWs418rdooANK558vd9ky4lAdI="}},"cC96vuR8AQAs4FNvZ59pnAe4OlUKp8NxyhcWfL7X1LQ=":{"valueMac":{"type":"Buffer","data":"T8VyAufbsXQyrS6ts6dYA2QoSX8y2yCOTiH7DBZF478="}},"cDfknZqYQo59WWRg3bAI//JscRvAceauBu36lDkanrA=":{"valueMac":{"type":"Buffer","data":"47tzIIsSExCfLDoHxqhkXZhSrFvutelSxcuPR9zyESk="}},"cogMlTChwMDFmyTz5qNKlwxiIAxpdrwp24a9OtBRuJI=":{"valueMac":{"type":"Buffer","data":"zvrIJ7EUE+RL43Bjtm0bx9YRsvo2Ry30hBMDZWSdyRg="}},"crOwn//1spK0SwJtz++jLUuZbJ5ztY/tGo2lyEflA64=":{"valueMac":{"type":"Buffer","data":"F192CgMzUV2RewKhPVwGoglZjLaCke9ExlkhBc8gY58="}},"c5dgxPy3I8ac3a45w8PTOnqZL48DzhSJubw27rKxqWM=":{"valueMac":{"type":"Buffer","data":"IbqCZJITS1pBzdPAtYdtYBSAZS5ca/oXEtoq7g2S6GM="}},"c6vnJROfmam4KpD7kASR2y2is5F6fE0zJXXyNamcXD4=":{"valueMac":{"type":"Buffer","data":"/gCeM0gqIk7o9qCXYYot7RvQ9yOoj809UBUiRPErI3U="}},"dFkK6UqAfbA7J7TSeTDPqoPSZC/EyfUJ24elkwh+7Cs=":{"valueMac":{"type":"Buffer","data":"07AI7Wd/Mn96BteZony2AsToFq8fkWzWBYJSlgeV3pg="}},"dK00RsBPWsY4wzqoC+CT6MX+SuX93RrdNkpVbUbNGEE=":{"valueMac":{"type":"Buffer","data":"YP1YciDp6HUhqLrc4aiiaHGH8KOyCsaVh3EApctRSeU="}},"doeHdwSQMYj1KspRlO5ZJ3UrRbHIt2mLMpMSQm0S6lM=":{"valueMac":{"type":"Buffer","data":"+SU8Ioj2reXz6EpUtdTlzWyBxdS+8uSAyfd/KUNcj2I="}},"eJz6BvXeFBaniiz4G6tKQeMQHmo4N5yYctIyucXYqRQ=":{"valueMac":{"type":"Buffer","data":"z1SAdFQMfCjFSqgtFlOgg02LbqMqPrtL/dpL4hKYGdo="}},"eKV9/vyp4CjqkNyZKMkncAYAIBKj3zfTGqRzgsOy9cY=":{"valueMac":{"type":"Buffer","data":"F7V7AkkxmNiUJ/QXKO8xSusjOr+Q0EcWRvHTEYBCrQ4="}},"eo7GFbRO20EONKVfFkzXasKO5hSpPeRAF8CHW/qhxCM=":{"valueMac":{"type":"Buffer","data":"d3RYXLO9CUqpAy+ufWMtaZA6NqGz9Xpd+8PtbAq1KtA="}},"e6wSbXeuCIX5gh0F26OcFR3OZ7WLj+A5ECG6oX5Ympk=":{"valueMac":{"type":"Buffer","data":"Zpene/RgRN+Se6BFoalBJLPXsZEcjM3IFA8Z71eJYdQ="}},"fDbKJh88vg3hBWTsYgMQXOU+9AK3NCqdVonlLGjg910=":{"valueMac":{"type":"Buffer","data":"zVbV2qEpx0NYa0DWmAIGlN4Vm/2dGgM4eyw/lS/Pjis="}},"fZWvNSjAym/DMInkMztONPoWASO2AZ1GG3TS69SSVUo=":{"valueMac":{"type":"Buffer","data":"NqFO/kMPHihSemiJYsTEQixj46qrFCO7ttdDW3HKXh8="}},"fd3k4MSLC0DFikUvUmx/YnYB8EbAg1stRQpmIw+tOto=":{"valueMac":{"type":"Buffer","data":"L6rE2DAs/9I2WMqsKI4KV7pDs/MLVJknoXmbmw3TC6k="}},"f2Cool+SYw6kcWvvjGkSyhahHy7WVBea30Wp2bK9yOw=":{"valueMac":{"type":"Buffer","data":"G5d0Cc7PxQpkZuKQwRNn/GltTfhyt3jXykgZkJY/DLU="}},"f4w07qVcBZLQoJghXDeMjNXJaIrMReg4KEYFAkCzn00=":{"valueMac":{"type":"Buffer","data":"THvCKC3Ga95iBSoL1G9dQIc5grC0AQ5t/nlf8PTFkOc="}},"f9jq6M7doKBtdo/pQInBxOcAiDTYolcsAVCmxxDoDZY=":{"valueMac":{"type":"Buffer","data":"26D2ywrhTz3m9hxDMbpqbwjWNK2BE1OjJNRawTp+Tnk="}},"f96rBmsEO3jjAltyhvn7K/Ux1nUhtPPEbxOT/r/PEPo=":{"valueMac":{"type":"Buffer","data":"LxgDEz9fRkh7VuQ4RpXSfqXaoodCuCO+TMFTRITsatQ="}},"gHPRveWjfRk+sOrs3fSbsDKeREQal+9/m0WYVjnEsCg=":{"valueMac":{"type":"Buffer","data":"o63MI+EOvMeDjacFpSHHPTniegFFL+ek0ZztoZ2+uag="}},"gHbNH/wQ0bLf+bQ1W3gWS0vPJUAPcqhnlWuoKX6J/V8=":{"valueMac":{"type":"Buffer","data":"4wnYRQFN02D0svpvlZASBL9jgnGhd215a6tfDfKCyJM="}},"gHsKez510o/AjkG3dfNPtWK9fxbaMC3CfoDpYsgj5dM=":{"valueMac":{"type":"Buffer","data":"6/Sag7uf4GBsQuEnwZE1TH+3ngKNQVwV0SKHgbIFLhc="}},"gHwpkyGj2bCi7zErbFZv0ta/rYVwV+lZnfrvLAA/EHA=":{"valueMac":{"type":"Buffer","data":"HwQoxU8bK8bOzkbrbHIvVR4XiI9LpAAcme/s7LXFeMY="}},"gO1iwEmf0FWMl1iKLLtntP7IpYWX5eiVff0Ku1mkYw8=":{"valueMac":{"type":"Buffer","data":"Im413duBLTrW2dmYIf/2nhOOWG/n3pOkAw53itGmVc8="}},"gdIlGVVrRLrifCwbaj0WNBErTpifJDgWyEBygemPNRA=":{"valueMac":{"type":"Buffer","data":"lbrn83D7K7ySg76PQAbTsYB2Oyoa1kiCLBQQ5+DpcZA="}},"gkkQzwJ9p704j2ot0vHrYp7hZAZe8KS9TmG4Yiad8cs=":{"valueMac":{"type":"Buffer","data":"U9Bcr86DyJShqlgavJoJKLG+rUBTMVCR1s9AwdscAKw="}},"g80b4IsdxhV8CLOtpl4wdMERE4M24xw4/Vgmcg6B3W0=":{"valueMac":{"type":"Buffer","data":"MMFx9tqKiXomJHShh4I7M0pk50iMk3qsXKNHYmTnvCs="}},"hQGIVRZwbymVKU7p+ZVfYi3sKt+5GiQJmOdXWLWqh4I=":{"valueMac":{"type":"Buffer","data":"eSRcD+gtfYTnJeeirnJ+5bHgfu50Jd8Xw0csebb9E+4="}},"hTEMdjSC7d1ZhEOwqb24SUlV7iLfUwRN4H93FM2qHKU=":{"valueMac":{"type":"Buffer","data":"aI+Y7KCsQI59yfap4z2uR3WI+chQjSxmrcz4RIA50eg="}},"hriM5sLMVh3vddETjWnavFUB3odl7G0tneOtQdmfhMw=":{"valueMac":{"type":"Buffer","data":"ON8AAJTIAz4+Y9f6H1MdpjY5ekBRIjLctQy6DZuj814="}},"h8tEo/kzpvgm5OZSzhMRroNjp8ebEJDEESUuxvIzZtg=":{"valueMac":{"type":"Buffer","data":"KD7GMUVQEuOrMCkGn+yPYBUrnlEs218e0gwloTYlpbM="}},"itc4L7br7PWCHqhXOIVz2zXliUQTCtC3nKeIaE7fvXI=":{"valueMac":{"type":"Buffer","data":"tmnp7iIJHZqbqGCPsU0djrj/+OadrpHG+pS6GvHAfCE="}},"i+QzLv0hHc7kQUbZ0VGi5DDf6GhNwbjIeRV7yDM1Zeg=":{"valueMac":{"type":"Buffer","data":"UHYAFgzVi1aMg1RAuU9lOs0jfiTbgXcWnmcNZm65sbc="}},"kV3kFEcGxhT73YEsxNLCNV7Y9+Y4Mb8ZLy241TzJKss=":{"valueMac":{"type":"Buffer","data":"w7LHUd2jqSFlDkTeJw7dpiuTDF1AwZmX2D12KW1h9hc="}},"kt1PzW1CDJV8/xjl+KZ2PDmiwJJSwcMvw/aMYtRS//4=":{"valueMac":{"type":"Buffer","data":"HD5iq9iv+kBVo6MjmjSAIV4Q+aTqyLb+eahDE5CBkPE="}},"lIBpI1+8f2A9XeZRBRqY/HxNejMjcPz7ouCB9UjvXa0=":{"valueMac":{"type":"Buffer","data":"njzxzMFQurjTzxfctoNKpQ8AZ9MZ4RKXJijR+NnnbD8="}},"lO9uym1Q12CK5W1m0/Y57MJ4IObyCiUQ/WuZqn8Zxto=":{"valueMac":{"type":"Buffer","data":"pxnwkyZWAuthpO5o9+nUxR0NRMBAFmlkEwq5NEOJUE8="}},"lvUdvn4/XfJy7Zkc5g1NpHaNOyvQnmlF8zgdICX73BU=":{"valueMac":{"type":"Buffer","data":"gkaM9GmG+zgcd/2K8iinnRrEBjuOCKJ+Oho97MDrzEg="}},"mL/q1OCRFAnK9LJTST25HxmqcdCaZixdW7nrndUsvT0=":{"valueMac":{"type":"Buffer","data":"w7waJPFwI/4y/pXRouiH6KL8mOuLbtVZblOgt6D29WM="}},"mW9N5B0Yu37L6HvlSul982OHQ5VT/Iw99Yj90u7fdSI=":{"valueMac":{"type":"Buffer","data":"2wYG04QAgBMNkXapHKwaMjsn9XVb1MBLbotVWKAU44k="}},"mygi3ymBuEIKh0k4rwbkwrB7LCGVZUqUxSqDEdXFSyQ=":{"valueMac":{"type":"Buffer","data":"OJg0eR7CwoO+fI+EYAxa30unB+S7DbW3iUUDhUryu7I="}},"nuAreg3lW+YBi3WXcuOpFniZrE7MDaate02qRERW7zg=":{"valueMac":{"type":"Buffer","data":"yhGl+kSUJ6EvjEeTD0lwuR4aAJ81UnW6DSmsNlxuFRg="}},"nvUKWKg6xZNCpx78egObljWFuccxpNqzi/IIAZ08si4=":{"valueMac":{"type":"Buffer","data":"8Bseb/MAyIl9frTYDhyt3mfSLxRTk5ZdYo+KLrriH0g="}},"n2F/PNnNBfAQQmGqV5RXdqj0x4dU+pXWaiVh9f3+ecA=":{"valueMac":{"type":"Buffer","data":"htAqO94m53dnyjdMCz/wm1yr//9WY6xLPO+isRId0KQ="}},"oCcLmy9QaZPajkCrII+uguHvWWA/K45McDOkjReYLss=":{"valueMac":{"type":"Buffer","data":"jbqzDkCQmjGhpfPPg9jfgezZRJc9eLiZ3xhALsHPcYM="}},"oxnqKQ25bdh+45CNEyvSqbCChoN59dfCZzsEtg9M4p4=":{"valueMac":{"type":"Buffer","data":"Cb8+Q3Xhz8ROoHODjz0LiGsbt0mM3EpgHxaXjiVd+/8="}},"pdgYwJIvKhtqzHkYmZmUehU/LW98FIRceC9P4+QbIlY=":{"valueMac":{"type":"Buffer","data":"nJDjKZ+n5crAlSnaLEoGqhpH/PHw+dEKXRC1VhgNkmQ="}},"pprM7lSpUEGK2Cee+WTlXrjZkgPm7Ka6kNyKPwQ3WnY=":{"valueMac":{"type":"Buffer","data":"8Ds1/ScqxngA4m1LECKSVvj5eWoc8prNU63cGbeMJtQ="}},"qGUWgmXgZjg5sC7EPwUYkR697ZFw2fojDST4dNvjUjE=":{"valueMac":{"type":"Buffer","data":"JN4nTu6ykjRxN339T5jzd4+ywQqVCp9ONOlGs4vSJxU="}},"qeim5AxDO1A9GctOuW5HCZs1xHCDHTv2KiK4JQf9RmY=":{"valueMac":{"type":"Buffer","data":"K4fDzf7L+G3ltbyZPtit/t45xVp1arMOe8l0590+Xcc="}},"qq4yCNFkanc87w38qcdkCM7alxXIIWd8ZUNnAPJ+jzc=":{"valueMac":{"type":"Buffer","data":"PKtcmtkvEKRQSjpLz0F6klm9jAwkeoDn7xhKSTMpIsk="}},"rMjSmx0Vo2U/ilI7jo1qZjvxyGHv6g7GQn230Vsg+gA=":{"valueMac":{"type":"Buffer","data":"6faIq9HK3Qpi5JdAHcS5IVmFDvAlO8IwwG9uQ0QN22k="}},"rx7P4nSWEFk3Z10DHndKmV0VAcEvGUeXuPyL8b8gDCc=":{"valueMac":{"type":"Buffer","data":"M5JkC6aW6VrO6gprmkFg07sUWGy1bfIw4//yiE3EUdY="}},"sXWcVmPHSTlfFbLXXv+Awr0IO73mFbE6JKX0SCsTvSc=":{"valueMac":{"type":"Buffer","data":"c+07cXqbnfRNjssTCnwRPfp2m70CiR0NwafDb5+OeLc="}},"s7oBYxWkoQUVKuEDGc8deCD0TF7vODZmt+ffEcYNbmA=":{"valueMac":{"type":"Buffer","data":"ntIgAHEx4g2fXt4Poo2Is4tUoxyza16kXOVn/7yMGoo="}},"tBWsQxfRf4tBaV5ztgRipVseHc4POtdLnJeZSrEaX7s=":{"valueMac":{"type":"Buffer","data":"MEQMugEUUc0y3UmLZg53VHOLxhzvw6QhBVSKw878KgM="}},"taNOUQOER7KMSo1p6YS3Lq0BIGg7X0hSJk4jWeJjj6I=":{"valueMac":{"type":"Buffer","data":"Bm9SL4XLFYYkGsOOizFPlURj0x+tdesluXYYiG6SSmQ="}},"tlI9tHoHYlPNkpYMbMcp+cE7JAFlZzAODvOCN3HpYEc=":{"valueMac":{"type":"Buffer","data":"WhNPxZNOyTIFKdteNFy7uQusfrsm+3b8kgezMj8j6Gk="}},"t9vzEWiv6vgeDmtCwxGdJY2RhnMprX5Zda9PBdwWr2M=":{"valueMac":{"type":"Buffer","data":"x47cMisrSlDQjZveD92RAd49BOudnOzRT1ZNQgtE1qk="}},"t+sGGJoxqKnNKWnEOPnEGT3ePIRRqM7md94561dxtSM=":{"valueMac":{"type":"Buffer","data":"5CNaVicnDeKvYQDExfan3d1cXrxilehOEcQ7kbPac9U="}},"uHvkBauxeoIkaNzBCZoP041YJ8SlBkDZmnmpLv4O1q4=":{"valueMac":{"type":"Buffer","data":"mV1aLOi9bFEzjtGEYS/NzaMXmU24v0myAIa8vA/SSJA="}},"uO/dS5DFfABhP5RxkV0wAFlKVo1clxO6aqCj8IyxMto=":{"valueMac":{"type":"Buffer","data":"oZpzFNx8759TJ36liCQmV1UXxKFjIEmbnFZCkcmks1g="}},"ud1Mb4U0D4RybMmbjhpvVeBZ/wYK47ac8qY9hmYDE+o=":{"valueMac":{"type":"Buffer","data":"QsLQO+Jaor1JRk7PHXAPJeyYLty7uYJC9a1A5wJmYRc="}},"upFl3B/xeY6enMFOWHHnmDabj+tx7QWD69SrAgSxr0Q=":{"valueMac":{"type":"Buffer","data":"3sHO9sEOd0o08ekTjpCvr7fz562KBsYkQWCeKswnhGM="}},"vDXsVL8zqlwvtZzq75E80HZKevTP9Q5gXm3i6QX4qqQ=":{"valueMac":{"type":"Buffer","data":"19Sx4KmTqIjPI1vG2Yd+auzOjAaldt43F28StSDPpUo="}},"vEycKaGmZLTb5F3JUxoEBFYw0kdX9oJrx0v8yJmbzMQ=":{"valueMac":{"type":"Buffer","data":"SlJpx7waKzcNkZhNZz2Tia8kWDCrS6pQT9OxI2ucPL8="}},"vXG7xx7O7EYXLqjZWyUmDcqnevzuHBgMYau27S2/1NU=":{"valueMac":{"type":"Buffer","data":"TYxs0JW1rFkgjbvyFSHPNfDAoFJoMK2PG8Wu846hBqQ="}},"vpfs7+adJrJEkBAhU+bgvaXUzAG/xHf8WZ6/KuWyEW0=":{"valueMac":{"type":"Buffer","data":"TOXd5nfyDHATF1L/3kIwe7e1LOZ/d3LAkW3bXWxohf4="}},"wfogBBaxsBXYJyp0sBYidzM+NwxCv8hMnMd7dy2y0mE=":{"valueMac":{"type":"Buffer","data":"EBH/M/AK0fjsm5eyf/9R11jNymOUH5MNIYREpVS1iSw="}},"w470fnyUPfixACzGZFAY1MTdMoqI51BjqNNrfl8i+Z8=":{"valueMac":{"type":"Buffer","data":"Iu+8zX8C/958KZbF8eAj9FS8lUUplIEsdHT6NgasSh8="}},"w+40YkhHEvFFAB/B3bHZpk5bs9tfZBuRodhe+YypGl4=":{"valueMac":{"type":"Buffer","data":"LJk5gXUaIF9RS2YfSSAgl5bpwyPyIWr+703hUAeBTSs="}},"xKpIyFaixWBavz+bIRqlkVedkct/EQD1Im5nl8YsfEU=":{"valueMac":{"type":"Buffer","data":"RXzwgup3uOJHNg/NUsjjpwazXc11eVeU1LaL/P+syvo="}},"yETcsilAMoDeI3kj6+VUov+K3NAgz/Q52tNvkSWRNU8=":{"valueMac":{"type":"Buffer","data":"mzmRUc9cesGjc9ud7z5r+ivfKq/PDdAIfhs2+9mFz6c="}},"ywXZuoKpuTucBJYqT+xw46xpqTUT27XZtSCJ19j2DhY=":{"valueMac":{"type":"Buffer","data":"E6bW7Jup0HX8pZq+oAU7Zo0ycsNkGdQFZmZmsYozx1A="}},"yygDItMtxeJFTBWJqjD6nhN89uUJ2FiXEuAb0d/ePqk=":{"valueMac":{"type":"Buffer","data":"Y/6fdV9Z61S1fYCkx1eVgJAn0V9Y4gIgpMpMp2dK7iw="}},"zEE0LJBGmDBAG/oMDcvM6LVQ+8l8nkbP685ZAj8jz8k=":{"valueMac":{"type":"Buffer","data":"5p8W6bRtpL8S/adbhx5TPbwBzsKT965UYN+z4Do/HVk="}},"zTB947Up9Yc04pK79nDxxku/f5ig0sgPKsfdOUntRiQ=":{"valueMac":{"type":"Buffer","data":"NuKldCR3XXWkBzk+NU6KyufMwFdmeGI4rrHDyaZGl/U="}},"zkFDut4R2TtT9LqHteGwqQ40T25t9Wa6L5sQ3GmPShI=":{"valueMac":{"type":"Buffer","data":"ZN3fXrUokjlxPktCXIlj/jMYOXGXuNkBZDRBhckMIaI="}},"zrfu6OzXLll9ZwCTFl8X1YjwJxdcwSA+DXaqdmMEZrE=":{"valueMac":{"type":"Buffer","data":"I3NVkCtcIj2LRP5B5zXiOazntMb4npQMvhoYunuT56g="}},"zyT5vEbYbtmrxLU2KXE1lFnH8PeM3YO/E+F0uwRTy2I=":{"valueMac":{"type":"Buffer","data":"a4XH02LfzXWoa+fH1o53B7HSLAwOULffOJ10b70zWfY="}},"0TZHxzW8Nu6SfPw85ws+OvpwWxO5dfZemcItoSHM2F4=":{"valueMac":{"type":"Buffer","data":"enF/8bct5buqsLCf2S92vIpqCGYeZW+DNvnT3wX0TQw="}},"0fxdr4GcSe0rxhsoHDKoola83SnVEr4I83r1FGNg3jg=":{"valueMac":{"type":"Buffer","data":"cM4m3GIkzNw9lePT+ThF9DMrI2ynAMJpfmUeSE/1AOo="}},"0oh64XLt+Sak03/iXIve1d6VZhMorlMse/PQvfGrdmw=":{"valueMac":{"type":"Buffer","data":"uZMcM6QDNX4dLgaLjwMXHqk2koyIhUVpSrMS8mjPtRQ="}},"1Y76YKoqdKJiFdSVmDGWUJFTW22GwLFHWVuzdU3xPl0=":{"valueMac":{"type":"Buffer","data":"S5UfjndP7rzNzt5L1W58KFzQ5CjcMnxv+M1f5m0f2O4="}},"18fAr9aW424hRDtXHyrMbHDui+IHzghDEm6dNoW2oq0=":{"valueMac":{"type":"Buffer","data":"zX4Wp7YXl1NIKyNbTxfhxzh7PnVwmXsI5EcmeUDTsHk="}},"2Kvrcqt5fbOO91sW9Kmxlo+EV7EWK7V+62oevXpP02I=":{"valueMac":{"type":"Buffer","data":"GsQAZ3V35iveexfvHJlqsN4zJaJzxq+dKjKB8K94wT0="}},"2L0FZYGeSYBqD15KKGgZoPs5lQ7c7jAmIg/wC2n2cH0=":{"valueMac":{"type":"Buffer","data":"SeIPKLER8HjUEkTgxZ7Hw6iwS9iZUqT3grvd5n5s9dY="}},"2nc9Ye9m2uzm185vK+N9zkvPqcMX30W0F7KayZ+75KI=":{"valueMac":{"type":"Buffer","data":"YUjwVE7UuyMuPJ35t/emYqs2OtcaeJduDzBhtRvjTV0="}},"2rIh/S9D7OhFADnxxfyd7F6RRj8cfaxWQ1bp3yY0SwY=":{"valueMac":{"type":"Buffer","data":"TzfgpYEix3QSKxyQ8rBneTnlL1KYNZBArkzfFBxuglU="}},"21+Ayx9tqM9/v+oRg/cNoj3Yf4shQv2i1ZhfNvawLzk=":{"valueMac":{"type":"Buffer","data":"Wer0wRJPEXUwLel/Fu25qdl3TwnRqLrBxUW9RJD/NR0="}},"2+RwpBNBn2a1xGKdS1GQ7HjpplgsACPKLqBnU/OX3oY=":{"valueMac":{"type":"Buffer","data":"wXkbDWHw8WFfb6u54KFlfStjnIcFoZMYBsxYvZgVoEw="}},"3VBibSfDookKg+8tt8kZ2dvHsGCZqFH5JMvQjXSnF7E=":{"valueMac":{"type":"Buffer","data":"thngykD7wsdehmXZBEse809RfHFQPhV9AaKea9HjlI8="}},"3gGyZp7VuG67SVgEOB4Qb+USSbQOEOJlnOgdvRV3eZU=":{"valueMac":{"type":"Buffer","data":"lKoTnCaHwQo4CkkhNbuVwib3A+IVnw5AoOmZUxUhgoo="}},"3mEacMosbV97rqvi76QIbPD8B6cvP9KXGRuzsj4DrP4=":{"valueMac":{"type":"Buffer","data":"WJoNhJUQb2cZmXDb+IusfkAVh8egbLCMC71wwaXbxIY="}},"3vrswD5DkLO3Uc6NdvFTNro3Xxv0JHb5Y5P4u/1g7SA=":{"valueMac":{"type":"Buffer","data":"yGE4gD721t3+aIANjF5OwDanxfhT1KT/+aag9Mi3CsQ="}},"4XtXuTr6T/Q8TBqRwOk0xElFApxHZ+1DLRyucJ2Vj0M=":{"valueMac":{"type":"Buffer","data":"90v4J/aBVf9UxoDLa7m6m8qNd/dNeTtE5zsZngLWu1A="}},"4YDeDAIi1iqwCVEMWS7NDXslZ+qvaMseYMpmLlNmJcU=":{"valueMac":{"type":"Buffer","data":"lhYhs2vKYb97+xeXioQ0h9CR/4qC2W0KpbG1ph1W0yQ="}},"44y4Z7HK8rkKtnMnHdgp+LKZrRsX3iM1maBm6K6E7MY=":{"valueMac":{"type":"Buffer","data":"79OQQAkajAHbgVf4f3yuPQwbNF6VJFDFTIg/u1zmMbw="}},"46MYLYyFYxbpzRzkdxmDDHMnbeetf2tKZYLv1C0QHhU=":{"valueMac":{"type":"Buffer","data":"t1F+oFyigmpuKOPQvOiWlWy9zh45WOMYlI9P9XxWklA="}},"5EdN1O7Q4xzQj6KOvPM88bLDQDckOs5s1zIRfhqcisM=":{"valueMac":{"type":"Buffer","data":"v6ngUApIdnVlcdc9vMS1/Taryhs6nc6iCLqVTbtNfN4="}},"5PV0fJ/1XAkl/xfj9X6lXGQDvpcv8rUoNYbp2EnDhv8=":{"valueMac":{"type":"Buffer","data":"aV7ZVMNeUAogHDEggNVIeEC5AhCPwGlPFXfKen8KbUo="}},"5QiwrwWUkIzY1cnJLHh22DhiRh90G9V0iCuo6B/t6Zc=":{"valueMac":{"type":"Buffer","data":"URBnoc2piaTMegzMLt02Xf60Q3HPXAtrgh9LmGiuJtM="}},"5Q6vYejPF47IIpz2z9y9Bdfjwy0xGKdeRCeh86b9XH4=":{"valueMac":{"type":"Buffer","data":"7RvHjSCort+HskFpdEpPy3fUOtP2eXYXd7YLz1FkgJ0="}},"5h0nGB2ICCdR64PTuZlwHuOxrjIqKrypVVPQ5BGCkzU=":{"valueMac":{"type":"Buffer","data":"ZqOy5JLhEua9Q0EGXmXSUjY5rTuPEG4jCjmEBCvBeYI="}},"7M9NUExnta9DTZFySoNOQBhMA0cUO7mVk64XZG1yazk=":{"valueMac":{"type":"Buffer","data":"pLHm+/Ei2/UOGPZG9NumNsHuDjAobA957Ec/gga3yaI="}},"7fr2zyIWJ+GA1bqMy2Fh+rsQHtg1Q3g6BbtXexm6PwA=":{"valueMac":{"type":"Buffer","data":"seHek29KRYRsPGpt7EyTsfpgesqWWmnSBzOY/Y0iOlI="}},"7mu5FxcCaq0VQgIKjUeZmxbXIJ7/6W/gbN4OYxr6Qrs=":{"valueMac":{"type":"Buffer","data":"chR9wxSA0CYTvaOnmpFY/OlCPNI77lRO684PHxhvFZY="}},"7ydu4Y7AWx27DawHP/JECPLDL/qJi+5LD0rXTZ8OrA0=":{"valueMac":{"type":"Buffer","data":"OkDd11DuuRLNGS1xUHGRp9nntg8aNfkK8N75Pfi+w6g="}},"7z/gyqBwPctODrHVDI+WctaEAugcnDsziLpPXNsBrQc=":{"valueMac":{"type":"Buffer","data":"3VSJvbZ5RnDPtu518kfxmt0wk7C1Y6jNhkDhKJvd6bg="}},"8BHWZPzmNYQsDJAwCk9tRq4Q9tRvtLqqsatQouwFsp4=":{"valueMac":{"type":"Buffer","data":"XrjIQqCcP/Ff3/BjgAGWKTjo5ac+cteF/zQIfEEVEXI="}},"8oykrTWJLg8jUwjf6ux3WwP1db9/VPic1nisXEvdO5A=":{"valueMac":{"type":"Buffer","data":"qBJ5c74r4s1V/nFGMm1BY7C4Nol/ciSVi/QJqqqCR+I="}},"9ckPpaJq7c0uX8LOVSiXNVBS1F8i4iFTzmQY61odbvo=":{"valueMac":{"type":"Buffer","data":"bu/RPtOqMAMoqgfwrydh0gG4IJRwL0WflsojQCq+44M="}},"9vUm4mSM8gg5nOCtohLOSdFba/29bHCQX8fmR1OYJQc=":{"valueMac":{"type":"Buffer","data":"S9PDZMVn4TkpiGhurDxQZFV4xg4cFjqHNQqlN6ApAps="}},"+IRgoh3LYO3FFzoBW0nnyKWlMTby1fa6N5IvFT3EZtU=":{"valueMac":{"type":"Buffer","data":"Acr0L2ivHA3mUNZf+SyEdX/QsYGAMYGJWM9fiwgb9YY="}},"/NYxaQTdk/dscYwwfwJVkWzArJnmXMqSY6LN0BwTdjE=":{"valueMac":{"type":"Buffer","data":"hOKVwAtaUqIdzmlBBsEu4RyEXSIX3CF3z7RLi87Re3g="}},"/5YGM2NKm5D11vT2vklqRWZs48dAx2H48BAaU0KVwhA=":{"valueMac":{"type":"Buffer","data":"OLxCWI+WarnawLVtIbpMU2pX9c3aFmr1/XDniDrVFlc="}}}}