{"version":84,"hash":{"type":"Buffer","data":"E07YQ3aYJeLmZOx8AUmmP3LPCS7gNaR0T7ZkZylkUeAjJ2+3hxmoGQJiMd1aivu2R53t56o0U2de1hHABnt0vCCuuYZpHkMjd/ZMUGE7ATsRoq+jz2xZ++VTuZ/w1WHysopF9HpLal+s6x7gqUEionlRojjfNSsOQ2i7kz919JA="},"indexValueMap":{"Aaa7/WwvrZnKPenxb2K8k0rreFsgd8OUFrSDkpH8nOY=":{"valueMac":{"type":"Buffer","data":"+PdTW8zOHW0O2jUX0gTJBNonOMQ5lhxY61LiCmBrKFw="}},"Blf9yTaH9V2HgaVtORwSAopVa1YLFxv8j1wCbzLe3ew=":{"valueMac":{"type":"Buffer","data":"/dUp2YavhAugomXBlEPkuTOKsUAZ3Im126HiPJvsEs4="}},"Dt/Yc8Y3DMcNydAwWhDnjzYjw3gxoBDxu1h0vbN88NU=":{"valueMac":{"type":"Buffer","data":"CCiDSjXjeOP49FrevRG7V5AXllidvUCAGtUP2BA6kU8="}},"FXZOIWjlmByHqV2qTRtQwvyPRlvxdOcs7N3ywmCYG6E=":{"valueMac":{"type":"Buffer","data":"2N/K69aYQxel5AQjoUwn/OAVV09lT7vZqWng7MJx9Ok="}},"Hhn9AmmDUCkp5n1lh2cyG+xDt29tuFRVoVd4JovDmJo=":{"valueMac":{"type":"Buffer","data":"0kJ7syI0orSdrh0KrnVcq/nxXY3sOFNIu5zg+RFwBcE="}},"H3onxsvwJOm1aP8lqq9oLm8IigXqQer7XIShLt5n55k=":{"valueMac":{"type":"Buffer","data":"Z3+Cek8ER2IkUpR6aDe3hpB042O01+ojqEYqPIkzT5A="}},"Is7QejE/c6IQ0q9pStubmvA25bJhCovHC7/pcla+d1Q=":{"valueMac":{"type":"Buffer","data":"kmYAZX8KOkQoX8deq5F/iJT30/kFPEN2p/kRSwGZXfY="}},"IyMyIr+7m3QsduIiCLxzBlZdkqEvGCZ4O+KcUgFvVOk=":{"valueMac":{"type":"Buffer","data":"usypA+C3XTi7bO5EMbUrg22oSLCA729GD8lYf87x8hc="}},"I1gjzd37Ru/yB0xK6SsRPvQOPdYojqECOzG3pwqyvhg=":{"valueMac":{"type":"Buffer","data":"kMW9tlmkOy9JQVbQ1l3Z/ONSI2lTBNcRnTjxW8yq46s="}},"Keu2ImvpENHomDhbY0jo3AGuan2O7LoMbsHUjakD20Q=":{"valueMac":{"type":"Buffer","data":"X9FJNfEkHydsXIh5SDdNxbYMBPmGSDwASLDvvBVwvhA="}},"LpVkYIe3DwzLBttcyRIPAg25gsJpGWbD9gFil1/7gJY=":{"valueMac":{"type":"Buffer","data":"rjGdlEejG8+ldOkUhYiIPpBc2ov0G1w3lTqvrDWgiVQ="}},"LqbgsUxUGw2OLwpdSL2/ybejez1EoXLKREoCdMbJj/I=":{"valueMac":{"type":"Buffer","data":"WLDkyQV8RHQxPH8zJP8g6+IM1EFZGg5hGhO3NEyPu24="}},"MUg5AhdmLW467pMC8jM8KnG76Zi0h0vMHJXvK/sIs58=":{"valueMac":{"type":"Buffer","data":"9VVjYnKOYTrCyEJBU8kjSGsSQnEoHePnBbJeqRlVx60="}},"MrrybpL/mLd+CG+SmnDWoEhYBjnIUiNm0Eam+s1ooGE=":{"valueMac":{"type":"Buffer","data":"CZEpZ6X0xP11Y4yXCxKvBnI0Exc3JgTsngM1zS88koA="}},"M36Pwu+C+9Yp2af10feERtEeTZjommxcF6QMvBJ6Nj8=":{"valueMac":{"type":"Buffer","data":"IrS60Vb9/K8Bzb+P0g8QqJvpy0bnJf41rF+g9eQdDNk="}},"NEFUuDzNJ5MDYjXJ5x6cNPHkZn7GNeeCO/J5CBc9zgg=":{"valueMac":{"type":"Buffer","data":"XO9DnQVxJGFv1Rv1icieJqlQSEUUA5wZ8aQYpM0BXdw="}},"Ok9wMw41jomdNQSK5rKuoGaQg9I9KtJXfvXno31Ms2w=":{"valueMac":{"type":"Buffer","data":"gq/Q6Lj3J+BOLZ3XUOg3ysM0UBlHNDmGMcGt/biavr4="}},"O3ewagB2Gti1syZSqFCJJ1KEhSUGBS6F9yDolKTaP6g=":{"valueMac":{"type":"Buffer","data":"O2+MRKDW3kZf2Xl3wyv7gX5MS5xn1ei8lrTqWKRjPkY="}},"O9sCqsT/six3J/3D27KbUjpqJqkEf9DbQ1+dafImFJI=":{"valueMac":{"type":"Buffer","data":"3TAXyWSHFmhWo1XjhX6tIedupldI6X8etLVI6NLURcw="}},"QO8jcQqc3/VSdHkRrhd6aIaolThkRDPk/eWWj6yZlhU=":{"valueMac":{"type":"Buffer","data":"/UKUQ4tvf8/zrYTnX/TTkten8dUSYDCaia6zRnluhlQ="}},"QzdJhJkKQqTyNdkCHlP/FDjkwJ1yj8G0gHWvPNIMh8I=":{"valueMac":{"type":"Buffer","data":"uGX4qY/RrjDrg5MoS1B82PMlyLeW3QcEQTHOIAhduG8="}},"S8QkAYj8fjollhK2G9vwUI+89vo0Dg9iYC0XrSIHoP8=":{"valueMac":{"type":"Buffer","data":"e5utK+tsvtdd7foKC3hgxjUF0Do2IwrYyM66WBjSU2c="}},"TBHDTbkouW5zkcbtAhwEktZmmVji1go2LQu0HpxjZtI=":{"valueMac":{"type":"Buffer","data":"H5GQvs6gQWKN1LXxII9J3R7Enf9s4Gjgzmgc8HSGZzs="}},"TstlKPl3+eqCjOUYsRjMvi1+GBFJsdTlcNsli2f2Zok=":{"valueMac":{"type":"Buffer","data":"dY4+ADWYKTozAPAQRNRkdEp8d7OfuZq6pjWvh1B6iH4="}},"TyUbn0vVu+r8Rb3jxvRaZ9pBGp6x+PJte9gVDn70Knk=":{"valueMac":{"type":"Buffer","data":"D1qHY3RbKIHUBCVe/6lUasbINWtX/gqCOmn72UupbpM="}},"UO3JQGFtyVda8dH5/2H9Hp7nTcJ2lePn9Rva30P6e0I=":{"valueMac":{"type":"Buffer","data":"rLlcKfY2O4zxp1hJNgkoif5FXCGNkj0bI6sm4j71Npk="}},"UgCf0VKM1DM4xXpRGJSHDqe9VtmyS8xQlMZTS/m0nZU=":{"valueMac":{"type":"Buffer","data":"WaQByoQxbGsoweXrkFTMTcZNv/vO5Pnwk+CchPttRrU="}},"WXmrDEnz4Y1AiEa2NcQk+7F66Mpoxt2SgsI9wt80wiA=":{"valueMac":{"type":"Buffer","data":"zbb7Ru+/lc3/bVITSX68xrG3boHdNQf92sDXdoncp2Y="}},"YT6bw+x838jcEr6C/LNQOkF9cItkiBErtp70PqIr5Zo=":{"valueMac":{"type":"Buffer","data":"pOLwCnR8YVYdJSlNXFX2dUZWPfLzv3VIa/l2266Cmr4="}},"YdaK7aMxVglSVhyXh16YJVFjg1TWkq1as3k/D2CH2lI=":{"valueMac":{"type":"Buffer","data":"7SBAC9nq16g9Pe03t1vArJsBpl49pNE0VwJpiWjb1Qw="}},"ZiEIwg/LqWwWDCm1DiY46vQgpQigL7oZGyklpB8+5YE=":{"valueMac":{"type":"Buffer","data":"C4y++N6UrVcXaGrCImlgTep4EcmVq6kKLC0EeHxPu4Q="}},"a2QZlYpfVuEcJjGJACkErp7wSRumtc0LxWZnMAtBEEc=":{"valueMac":{"type":"Buffer","data":"uJgmq4dV7jwJ+YVhTDeobvV5DfFYgvrthdJIOKVN8TU="}},"a6P6iM4YERoqDp3Tr8qLiSsN1q8XARSkeTNT0ztmwQ0=":{"valueMac":{"type":"Buffer","data":"J6siFGFwo3pX9hCc23zokbfJNHp218ARZn1fc3W0dVg="}},"bLaNFralKF5B2kVTVJ5v1kV+XPTdAs3MRIpM3UwnEu0=":{"valueMac":{"type":"Buffer","data":"32vRYpBXucteM7jKWj++qLBFQCPLl31hgN+RvPPW7lQ="}},"cUAnZDYRD34HzYJPwSeClB0VGfHyTW+9LyhDZJITOGg=":{"valueMac":{"type":"Buffer","data":"ZnyFq4ucC7wLLPEaty+6ls32Q3qtu2H62SuvNhP+MJw="}},"f6mPMkf3QPVf8BP40u6cnUYgQHOTbyZm+tXtT8xQybo=":{"valueMac":{"type":"Buffer","data":"TMpH+9jSespykcV0BJFEXTuDkIuaDn7QSWoYyHApsAc="}},"gFeQ3rtDPKluc9cOY/AJ4r1y0cbAxtDIAVfK001e3h0=":{"valueMac":{"type":"Buffer","data":"Wf8DwTsG3eelyQNbWPU3NjWLNXjwiU8rbg5W0HwiiaE="}},"gTPTy2m3CFb/9lB+XX0C18wLTbLjnb6+amDLAEqhIIo=":{"valueMac":{"type":"Buffer","data":"xrtN5f90DhXAIOa2yjOLTfhQui2OmgRQ1dU3+dmpnWA="}},"kqXsGx7WaJ0yi8DNIriy8YptBssPk7kSax/8iuXWN8g=":{"valueMac":{"type":"Buffer","data":"NTNSwQhMO8o1pUw6eA6xL0wICiGWLV4iQp33ZM5d4MA="}},"lmWKnvYr23E7pBnVRJqgxTssjsKcIBQf1MSM5Aa2vzw=":{"valueMac":{"type":"Buffer","data":"WsEapV/OJA+9pLYGztTqb5KEcQQOH66+IFuohdCgemo="}},"lxsxiZqeQ9Chvw9P7LSogKvSn6N85vg9ZZCUB3JG8Dc=":{"valueMac":{"type":"Buffer","data":"sSkGNncr6nSjjUO3qYHOV6UX8WsjtyNZSvOVtysnlHM="}},"l6+MJbNp9UDisarJRaGx6oCKnrKxmOT0853kh1nbYtA=":{"valueMac":{"type":"Buffer","data":"aXWyG65TfcYH0atmf3QAo8BbrlxenzddmkAGgazmaX4="}},"mJ8KPs76NYV7ii6WH4H9oGO0jLsxhqmqyEfNXZGUd10=":{"valueMac":{"type":"Buffer","data":"3FlmtQcjb9vEHZA5PrxiRxsL/r4tjClL2RRTJGq44t0="}},"m8NY08QNk01XacDVeesOj+NgNIL/xTopfD9NJ4AXQek=":{"valueMac":{"type":"Buffer","data":"gRLttTcfyHK9918usBLkEBgJJpP6kgEcQwuI60d9bYQ="}},"oBcNiPCdF9kR5kt9h81kY2Qwnj0xRurO1dNfFAk5VAU=":{"valueMac":{"type":"Buffer","data":"JccGTuPwCLwx9zOW8AIyVk8vStWlPrjA/Fp37DqTlkM="}},"olGgCiEvS01TShaq29RmxhpFZoOkX84K/s7/zcrdCq0=":{"valueMac":{"type":"Buffer","data":"pkTYeJOCdHNZhMucD9/O9Lw1eNj3QKq75IsT3MIVwv8="}},"oxWtpTa8rJU0895QJ4i/bO8V/HDejAvYZQNZDzmfrNc=":{"valueMac":{"type":"Buffer","data":"IAt3gVhnGLYalhmudK6mn4HhWKeetpRRDf1DikOlA0w="}},"p9ypnUsl8uLepbxiK5t4k+MmHJo1EQB4YQoOIF98nqs=":{"valueMac":{"type":"Buffer","data":"ljhTuqObO0PcvY4tXB8WDoPSWxMCHzPhVI5xe39C3M4="}},"qVfH4ge5d7tWebOn3Okk8wFs3bqWx+qnCG8lAw/q5ok=":{"valueMac":{"type":"Buffer","data":"eP3BNM/4yAMkap9QSZofvAhfVS0r4HyQc2jukk3W620="}},"sJZ/V9PRgA1NN79U+iYVoJxV0vtb4uHjvDtcKvKXHgM=":{"valueMac":{"type":"Buffer","data":"ZrPTpLCX6ayS/lOFMRTv56pkyTXm52YrR3QE71C5yrg="}},"tFromejj+COgCIvZX6/YZGP4ZLPcO46xUs5JDoizDRE=":{"valueMac":{"type":"Buffer","data":"h7nccLQ1EZ4fvBkO7zvBHf2yzDDQaWfoDq/3exShxFY="}},"twhg6LjHuef+pouWZebOQCKzbxrRzAfh3wSDmL2M18w=":{"valueMac":{"type":"Buffer","data":"EyMoxeDDttpCgxkg2MSaZsZpEb7quybnHst+EayRs7o="}},"t97K/u83/DGUUUq6T461RsGe9FrIWtzZjcLHQ/poIhs=":{"valueMac":{"type":"Buffer","data":"JqNIzcfSmOW42r7sUdpVT2D9fKBBfv14fQBGUG0JRV4="}},"u5UNkKrgWBv1r3Akj+6zjFvgsfPEkuNiX8vnOVCg2gs=":{"valueMac":{"type":"Buffer","data":"CoCICwyXq6HmsZOzv79JBxS3Bd6ZIgs24YvDU4hZ/eU="}},"u9set36XFYtx6ulVH/0VuuI25p40kbnZa4Wg7hsseKE=":{"valueMac":{"type":"Buffer","data":"jjXlV2RxM9g/aQajobCCw+1XnGZI7Gu+xMHLL2E5Ajc="}},"vQbFHz564PDlSpjpKl+PQYtz4E85zIINb5QLYCPYQEI=":{"valueMac":{"type":"Buffer","data":"JhRbkOrqCYtZTAvNvtFxZwQ0hzvT25Bgnv91merUWJY="}},"wBDjPyuHWLiyQFQP+Hk8Obw/Eh447Hs7UN2sr4grUYA=":{"valueMac":{"type":"Buffer","data":"uj361thg6zFWW38ra6hBwNWZgMpI2kHYNxNV6mTrh4E="}},"xnDNSTthLWZoGnbg05P6hNy4RT8PLShBras9AiOwgUs=":{"valueMac":{"type":"Buffer","data":"sicAqosqzLfV2ahmdQbKr8QH40hAHJcYTR8zlv1EsTE="}},"x0oWEm+ZvDPmo+lD2Hb8TuPTU513Ea+19J2rPkNJquE=":{"valueMac":{"type":"Buffer","data":"j+AKApS1SYWSfE4HgSDwMXGF4rY+vsJwA4uNavXPu6Y="}},"yqFAlCJIUg9VI694TMIE22EtUJ6W2KYPBls8KZzl18M=":{"valueMac":{"type":"Buffer","data":"Ns+eUXxtuBGZUoBy8nSoB9+qCVTCmx1XUMfJTIK7ZNc="}},"zM7wWb5Fqu2vzZteIKYo76I25Vfz7YAHfhMygdTw10I=":{"valueMac":{"type":"Buffer","data":"viMzPs/qdqYtcg2wZnQauYWyfsT72rafAqDnuoaiYn4="}},"zg+seT0pvXfxNSw0sxENL16gPHhNOKxs/G13P3Qrr+I=":{"valueMac":{"type":"Buffer","data":"JYp3/J/8VYTyUH3j4ravb8pihQsUezsaQwx55+L/fbg="}},"zqsN7s8EwwAer2kNYr8dSL8CGoXHFq2bRziOA4hh50I=":{"valueMac":{"type":"Buffer","data":"IwVs2XU22fZC43chh+gWfTuju/NPmewHfE7RyA+wM6s="}},"1Rt8GrqNcvnHFkx1FntOTi7R4HS8exN3SXQ0alxm1mU=":{"valueMac":{"type":"Buffer","data":"5AmQwKOnc1woYeRajFLoGb9LQ+vDTUeY+xVrSIaqdgA="}},"4CxCkiiftbOFK6l2wuSmcBWRhdh+FqfVAnWCiJ7Ox50=":{"valueMac":{"type":"Buffer","data":"TLTaHnZsscYgpwWf0QRTph7X97ltvjZQHzP9LoxMQlQ="}},"4pbMfsQL+9mbtxw5q4eKGS7oUm+SLiAVK5SGynyLeM8=":{"valueMac":{"type":"Buffer","data":"pDl6nyBDruRYY407+UthKeEGzmSd8r0JAvqLfailQiw="}},"6v7nndMJ2VvK8Hr1f2guyzDP4ekcDeurXh3dC9NmIWQ=":{"valueMac":{"type":"Buffer","data":"ZlIRic/00gI5uHnjJF4XyWgc+8bAewZa1d5V7dFhmDM="}},"7soEubkQsGLICApiEXz/y/pDQVixsK5tUuzFXl5lSdA=":{"valueMac":{"type":"Buffer","data":"39NDC9Kyx9niw36OHErt0TVMEnfLx5hyblkNHhQUJcg="}},"8ZJxEn60UG7IQmPo5nyAnGXOimSgjvJ4/ug5wKQspas=":{"valueMac":{"type":"Buffer","data":"qgiQl9d2yf10lY8lRvoiSEzh6bi0zvSMkkKdYqJSiWg="}},"9RRx1WqHdGz46k7iG4sno1o2c8gaaJjhCyg3kVjIWJU=":{"valueMac":{"type":"Buffer","data":"3i1l4IY9teVC50J4JahdwGkLghfX6nUklWtu6R6h/bA="}},"9zTVH1o1Sqd9Sb7b5KdfISr5jEdms6O8h2FMTJU38Qs=":{"valueMac":{"type":"Buffer","data":"CPfwIm5O0VnBc8v6X9Zkp4oh5uUncQ/kS81KBLRUc+I="}},"+ASZ+mTm057ovbH/TTo8ODFa0M+AR9M4/yjEHSZKRM8=":{"valueMac":{"type":"Buffer","data":"qkuIH/f0V2a12UKm7IZz7nK9pq+sfwXTs0eEWUDfVTY="}},"+eOSKRetvw4QlbohRlG1rkmZ/SC2a/gnZh0XkTE+xZE=":{"valueMac":{"type":"Buffer","data":"PZ6nRrBVBLd+LZCcE3WMBS0FMT3iwhNbTmxKEJr0M/4="}},"+xGRZ/ViL+gt6vNoAHWSda8uLGX5TvFmO6Lwg48zTYo=":{"valueMac":{"type":"Buffer","data":"YHeEljVECiZWPoa7CdLh1frZF+95+pdPTxoKX4i6Fwg="}}}}