{"version":3677,"hash":{"type":"Buffer","data":"08OXC1VVtygL3oacW2SkHODzkOeDaR2lAFXRG0WnKiBKmCWeZVbsXlH8UaNoTGfem8XEPXwRIX1UkufSE92jaM7lxM03FsxpChDq2hXjKABXOMnWNmpRlBfvVxdfULeX5Md208sb96UF4ko1/H0lu9VhCcaP/KHcoZu8o88e+8g="},"indexValueMap":{"Ap48ISHQuV8noQp1X59xrxcYSm+C/orEHzRwAkeBnsg=":{"valueMac":{"type":"Buffer","data":"6vZGLUeRT7l+uI2wAtW8Rv26wPbjB29nQ7xtPit4qig="}},"A52mzmzCOE1XrQ5FpVb6VzXm7m+S7+zc9USNS/frD/4=":{"valueMac":{"type":"Buffer","data":"6prK9oSRyVKHY4fDNEymi3O3Hi0avzyoqnXn6M6UMuE="}},"BGf6vWuIQGvAHsmvhalto6uCyR4jMCwIJz24KHP2nKg=":{"valueMac":{"type":"Buffer","data":"5qP+pTsaKyKop1dreMKjvTQfg58UxpsW5wtLXu0TT5I="}},"CE60ZtJjhMjPH7UhmDboInbhIxQdJu5myOQCZ4NlYMk=":{"valueMac":{"type":"Buffer","data":"2ckOzp2kF/IglI3RLVUelgeh7WPhNaZNA5CMcYne6VU="}},"CKlWkr65whYpBgBQQL+MN+pePOsso41fedYzaVsZhKE=":{"valueMac":{"type":"Buffer","data":"UTdRDoJ/oBMCUwe07SQ8/Fq/T1UadTy4P4PIS6jrYAY="}},"CTWQkJLgu2xNZ/5/PsgVNuOQF4MKvtYQP3FTOegspfQ=":{"valueMac":{"type":"Buffer","data":"kcQYhHWWUIUWjUZjEm6ZdzJkMpsyqvjrC6VVyFYvqcU="}},"CydR9DeZx3XmhOlao/wJ9KFWAvoUSOI3dDBNNK2I9AU=":{"valueMac":{"type":"Buffer","data":"VftZVtzbGX3qKWpPAotF9WbwxNV/tBZQdRQAHci6VNY="}},"DTyrX7wTTkZGbSCrJmKHx2qk8mFEuePPiVeVer+/Ptk=":{"valueMac":{"type":"Buffer","data":"CVzdi8nW+nDadb3UiACTDdF2iB1jyDy48icGaUag0UQ="}},"DVAbc6s/qaS50vdrdY4jvlrGFrAH3TYkr2srEUqbP44=":{"valueMac":{"type":"Buffer","data":"C0ByCTuNvppf8qj3K2QcpmiylE+o+ZGgR45dVQGikKs="}},"DWoQ3wwOKNi5tuuZi9Ub1kY5/jx+P+XMGanmLkqZl4g=":{"valueMac":{"type":"Buffer","data":"KpPU/6xL7vWJIpi18+eNCOy1kkUg5HddrrCTSrXhmSY="}},"EDAogjkUDp/mPWQU56lRDPJJOMDPaKaRJxhOe01gjZY=":{"valueMac":{"type":"Buffer","data":"4igGIJFst2berEJQsaJAqVToyRSBch9wLQ78nfqXEB8="}},"EGBcEw35cJO/OMBTPXaS3C+/E9F6ZjBaGRcDZmYopvM=":{"valueMac":{"type":"Buffer","data":"nXsJtfJ+l2C2bRFfo8SaUNjvsi3eAwE8mwU7zj1DeRY="}},"ETdiEcpuOE1yGpO2WHgfunZB42bOtOLmVvMRMHQ3cLU=":{"valueMac":{"type":"Buffer","data":"Hwtytv0ratXQXGVSmXvR2GvkaFXxW9MgHw3iSFVnnvo="}},"E+mg+gemrmuwzpomWSXpOvD1nazb0VVUT4GbuOOU1Hg=":{"valueMac":{"type":"Buffer","data":"HCqZcQem5tpLBgZZxhV9bpOn5eI5IwrWi2fnxEKESoM="}},"FG14kqtA9aPsE0PUprsed9i4iajWjSJpqhMXNaUZy/o=":{"valueMac":{"type":"Buffer","data":"gx8gvCzRJfmc0pRblItMG2dBZejZTJFmNLqktVzeAso="}},"GFDdNdrSM1yJUIiXyYekHwJfCJ6n9mdSzQmFqNrTagI=":{"valueMac":{"type":"Buffer","data":"vLPR8dSUipAJH9NKMxextgUUhxL4wztQIbh3rJdExss="}},"GHTddsg4b85JfA+8HqUQwylvLK//Q12ZHLUEE3o9/DA=":{"valueMac":{"type":"Buffer","data":"Kjekj2VojOVfe9WDDm0M3RgYTlsSnAbl7iMYm9F6PaU="}},"GffLeF/o7Tpq5Y0LBQ8e1c40AOSmYQUSLGrJoVQ9LyI=":{"valueMac":{"type":"Buffer","data":"kC691yjHejv9R7vm4XfPFOpj/Ig6kxlJdqHyaNt+eOo="}},"GspVkYn9wcV6ENMWjulMMsrisLa1xbFgd+eU0GKDnoU=":{"valueMac":{"type":"Buffer","data":"I8+aihhTsGcfWKPOaJlQaDk5EDEiliNNbRaXsoUmyuY="}},"H10cwYmyLtfGCB7CerrL5TqV/3UrwZzV5inQo28KUus=":{"valueMac":{"type":"Buffer","data":"JQnTb99LSlQE3Z/iR/Mano1S3182ym8N+hPpn+xERVE="}},"IPiKSZTi2Ch+m5jlT7CpcuHje5VhQKeCHKHWJqAmyRw=":{"valueMac":{"type":"Buffer","data":"PMZ8uHxq9jzKCqEDJk7nyDnrX4Icgzn6D+STZrFrXnc="}},"JGLSsFg8l7vkfm2Ia4ajkciP24PwqEeXDBgUs81igVo=":{"valueMac":{"type":"Buffer","data":"/t8a5NQ5Ny7N3gZ2rgp0CURm4/9mjEfGMzefYsiXMEE="}},"JeCs6gwmEZ4FQOYySPDzu2kaIZYi9m8j9uVchezT7Wk=":{"valueMac":{"type":"Buffer","data":"B0dLiOrsn5uGCLXw3dHZMWmKuqG4uZMzMeqQ7xu0lGE="}},"JxpGllQ+qHgpmVFyWdjnxsnwXY8LGxCc1VhAEHWeHRM=":{"valueMac":{"type":"Buffer","data":"cZwWe6mERBaFV0N2+nw8h2bGkFhWnYnScPh9ITpmm5A="}},"KGXeNOwMLWgiK072tgPiiaby1ZPrHjaLfAij5Z5woV0=":{"valueMac":{"type":"Buffer","data":"fQW8ar60TzJoyKh+P+UVsLaV6BQuWegkSLt/O0kaRms="}},"KlfQssnFECISN2NFA8f/Li9JVSCu2X/K5fbqU1znjqs=":{"valueMac":{"type":"Buffer","data":"JxplalR0v9UaA5ToQZK/Ga3/HBZ5oKPBW5806NRYKdo="}},"KwT71FZIphWvmERSXIYTQLvs8PY/fpKqGYF67dHCt4Q=":{"valueMac":{"type":"Buffer","data":"p2TFoKfzhaEIr90UuKJ4nFltwFyMTSy/YbO/2Gnh+b8="}},"Lxh9RmJ3CvyWTma7vWpVH+zE1rTJzxIEXXtFhlw37vU=":{"valueMac":{"type":"Buffer","data":"Mmf6iptpd1FV6oe9iUJ0QGSl2dkgM6yQEGHJErtGt6c="}},"MAWmuZ4MLk3VWIFHGM3U6FYHt7r8p9+ja20bHU99Wf4=":{"valueMac":{"type":"Buffer","data":"kDZYFCWk4PTTOPJdsJ+5kTg7mWm/a/RZNnTBiJWSlio="}},"Mvk/A5MoQPpyzx/rxT7ZfZRSVhMks5/FWzZf3zVqjXY=":{"valueMac":{"type":"Buffer","data":"wgmE8qSv83IiUfghKV/OdXxSh9EDLCLQpnYTpKOrNVM="}},"NrgBf+3+phMTUMvt8f1Y9wmDl6uWAX+UTw+G4KCW9Zk=":{"valueMac":{"type":"Buffer","data":"h5B14eWmrk89qc9bgR5eb4i0PHObuHhTc17IQElCWa0="}},"N+0KfWlYGwL01RqgMHMB6THdnEGHZEQgtT6FHoeULFI=":{"valueMac":{"type":"Buffer","data":"BG7qBUuFwfdLaDIQCniw35dpdumqDQ3kWUjqPh16xx4="}},"OGMBAHJnGLwbY6MvvSL04b6sFJkqDo+4RF2W+YkYOY4=":{"valueMac":{"type":"Buffer","data":"p4cbjRFD8xhG+cs4dsycM1yckGLgleDxcSINl69ps00="}},"PWqIM5CK8CYcoigBYCN/bWxiqcv5R6AY+GZD3d1K2aA=":{"valueMac":{"type":"Buffer","data":"vWAFcWi198gMcE9xlMEZmJCx1IQB5sSXQ36ZS0EeUy4="}},"Pbqrlv9ZJaD4JFEpjW1HW7qXGRWiuGXZ4D8DHezhdmI=":{"valueMac":{"type":"Buffer","data":"MtxH8mWyFKePNVZHOSXiULXINtv1G9uBSrorVtYX40k="}},"PdapL7vXfVANyBXxOZ0QixNkyyfNqRHzUXXuTEiWXlQ=":{"valueMac":{"type":"Buffer","data":"R6EXdO4Ngj2kJx4qEWKHcVYKCOdQiG2UCwHqfGKyaOY="}},"Pr24R+IAiMp8AXscikV4oDITHPSEqWn+unnOWUQ3ndk=":{"valueMac":{"type":"Buffer","data":"xSQVCa5AYLTunnLCNmvKQBWq4GgqF5QhgeTjdZHI5Qk="}},"P7IHRAQmVhBav8gWepphpuJ79h2fZVtJZzy3bdlzQ0k=":{"valueMac":{"type":"Buffer","data":"PWFAN9UxywLzoUK2hR9hFx265Etp/sn5t4g2jWZUNu8="}},"QSr9p+ouozQv1WFkPq7mU7jvp3ZLjxMgAkmmeY9Um6I=":{"valueMac":{"type":"Buffer","data":"//toV+yk2n0zzyZKJCkbBHEOLgyqCmOGb77OFoc4kZY="}},"RcHz/yG+f5Pb0JN21GFzMpawy7EGtXVG3pNIAptXHKk=":{"valueMac":{"type":"Buffer","data":"AXEcJqtCyU308rI7+/SdU6TAa288F3h/y2oQdeySqkE="}},"Ro9yYWMjJtPn2vUURf2W6Oa3c4GuJT7pZu9enhIOFN8=":{"valueMac":{"type":"Buffer","data":"eat82kyTXR6dPr8zW09oHskD1nBEhggolD4GNaKqtSw="}},"R3Q1s1aotzEQ6zJfhf1eQcMsN+RjNK0m+GnX0jlY2Qs=":{"valueMac":{"type":"Buffer","data":"quSAhtP3XQuWNekcZjDL5IKiqsRhFQ/iwhik2rRjagI="}},"R+JXOgsE1m7yRPUk56X3FmPW9ICeDCSnjgeHizFqkv0=":{"valueMac":{"type":"Buffer","data":"uvR7THNaff6VaFs0UFxAswDtxhrQoNwbNacf/D+vRmg="}},"SFodZM9VFFgAa4XRYwfRQotd3AfeW4yLoUVKcD8jiG8=":{"valueMac":{"type":"Buffer","data":"CB3eCWQ2tfkxA7hDAMSKs7+/a0u0wL6uWPf8R6eV8es="}},"SuJqxn9zfiPeWfW++rEzqtdiHqP6aldguRru8mZQcHE=":{"valueMac":{"type":"Buffer","data":"AI8w9IzkuzBIayAGkuZ5jCH333Kl0dBZ+n17AxyvAvo="}},"S4zDrXROZZ0JuBzpFNsK1jroWB3FztaUhGtoq1/8n4w=":{"valueMac":{"type":"Buffer","data":"c26mC63zr6ZvTKrpZUHHcvpj48cfHiq+3TVpqkHxaBk="}},"TKrEsmWBDgYONeWaQMQnnuSpjFr1BPmyh4+P3bImQrQ=":{"valueMac":{"type":"Buffer","data":"06lih60o1M1sfLVSpzqqX3vyD0lru7hDtvN46SNVQxg="}},"UAb/zLovgsmr9IFY2uvKqk53vA9GQobbWgAr8QE3LEI=":{"valueMac":{"type":"Buffer","data":"Hv3Esxun92LWkzgeoLWAP0KUWGzSLVwBC607kL9olss="}},"UT7vvi04AoCUbeXv9gVdqQ/HCV9Ey5MygyIszaUSizY=":{"valueMac":{"type":"Buffer","data":"Ifg7Bi76kIkWug4RrDYJHh5DK8wo7v9vV1Qvnb5UIc4="}},"UaUzxItk/875ualrclDcgrJABS6Jhw5AZoVB63GuT+w=":{"valueMac":{"type":"Buffer","data":"g4EocMMNmd1RYHckeR3zLr060mCIzzBlISMls8U+VHM="}},"UkJZro+eKLHccKNxuXcxSzRbP8uKhmQgTFB/iVBri28=":{"valueMac":{"type":"Buffer","data":"lQcgLk6GIjSAMfcGX55cX1kg4h+ryHquUstazPw40Yo="}},"Vyd2S+xetmZDY+LZIW8ml9ee/iot9DaGNVjFZL0eyaI=":{"valueMac":{"type":"Buffer","data":"KZf8cC+xPG5tkG699ht/GlRt5r0sl18dRvKfef7Ybvg="}},"WZxOsT644LQ+jzCiIOHJyZ7KVJGmh8sRfiYJZCdF57k=":{"valueMac":{"type":"Buffer","data":"unZvXVpsjA2LpXAlA6rlwGVcs3gSK7eV0SAFQ98hfcw="}},"WnytdqOm3svny3UuwQMR7ap1JmjZGIg6OAYjQdPh3xc=":{"valueMac":{"type":"Buffer","data":"z+UkGglPMV8eTDapGSs5wRbAubYpnkX2ma4PJxSFTGo="}},"W3YBY5PaUSI5wRSeJx3wXB7GrGsc11qRcMqG2uJLNvo=":{"valueMac":{"type":"Buffer","data":"T3qbOne9LaG2E5NBJiKidC67X7XyoaktZzR/T+c+4UU="}},"XgtizS18h/iIaUgsd0rUjfMIIvA8Vw5jQaUeFYB978g=":{"valueMac":{"type":"Buffer","data":"ArDTzS/DjHrinLXZUlvyWXrS1Oe9++UOTe8uXqLpJzA="}},"XmK7Z8zHD6qiIMFZtmXm6/eKhUjURSPkkPh8HhOfSiM=":{"valueMac":{"type":"Buffer","data":"hBEMEKoMGSRwGNtyJHWkg4AAiDyHdcDkZx+YaxK2MpA="}},"YRG7fVZ3iNjhVOYytpsiG4SPf4Qdr2ZTcL1N52otqCI=":{"valueMac":{"type":"Buffer","data":"2/K1CDKCfO6S/f9TcAi7n8tWTJXuV1ii4I+DVVxk63o="}},"ZNvdQPCFP6RiD1ep1oxCm3nwnX6/4rZwWQARCEaD98g=":{"valueMac":{"type":"Buffer","data":"kw9rHiSa6M7Gd1XNt/vcGbKiEnTUVBkTW34OsZlyi5Q="}},"Zm8mBoDQMtlvPW6U4B+P6fGgqrFid7ali8FnQkoKeZM=":{"valueMac":{"type":"Buffer","data":"YXx+JIwq3g4sTosrHXcPf2PX6lCdRDbFFTvJAnqfMWc="}},"aB20DCj+lIa6F17mixvAxDgjVDRwVxExV6GhDFh1CL8=":{"valueMac":{"type":"Buffer","data":"unMMU8CrKeHBlJcctZulh2mj0aGhzj74H0bDhq2ogCQ="}},"bChwKc7wyhUpFnu9wt9AjTqNKpK0NaYRa5LZlKSfrHs=":{"valueMac":{"type":"Buffer","data":"YYfkcs4c5ADJbz/12NMaDMn1VL4uEsLqPej5ocBASL8="}},"bC/uny5ekCqSBzYJQ0ykjVew7hTcR7eXI2s40uyQ/Qs=":{"valueMac":{"type":"Buffer","data":"z540CBycn+fDNkwG76X1Agc2nBIk3q5CTXOHX6RN7CU="}},"bE0x5Q3hh1V3JgqBqdLfCPkMDz2vmZ3CMiUDfOrxJUM=":{"valueMac":{"type":"Buffer","data":"sRp+IJNYwS4E54D7doygPv/hAExb0wB14/aXynA71C4="}},"be1Sdib/JFUD+FNdyYGw00aeKLA+O3rL3R2hFs+QWuU=":{"valueMac":{"type":"Buffer","data":"77IT5lFPZADseewynAYKW1kpoGPOZPh2ux7Km02wV8o="}},"brnEWHaj6f3urahtIU7wQOwAt6CxhB1Y0DUrKCBIu4E=":{"valueMac":{"type":"Buffer","data":"KNkzUiLyaXKxCSFjcOm1Zv3jVTbQqDNS9GaPcIgRqsQ="}},"bwu5Ke2//q4gEx0111lYUZUqpgTpR2djzZ3nMC75Lek=":{"valueMac":{"type":"Buffer","data":"Vy/VFS4Jms9Cyt6Ao11qawUN+4mvBuUW28wGUpT0q4A="}},"b8ksadracpHFY2ewpjA7LVmWt04jqomMX/LpTOViFko=":{"valueMac":{"type":"Buffer","data":"fL0GMzLLFSRHYuy5qU0+Hny9G26XQB0BdKSht5fJXHw="}},"cZq9DARF+Q5nqj+BQhu4YauV7CLYb7JEFYhnWBghX18=":{"valueMac":{"type":"Buffer","data":"tIQmlkARX18q+UP94Nu16mbGHjZCENgzKqr+xOhjc2A="}},"dOh5n2mwCtNRt78lMFUrRJ1w/GcGoOyOJrHer+ooJxo=":{"valueMac":{"type":"Buffer","data":"xl3zNS3/H6Cg9TeTTdSWe3Dtt5s5lcUwZYDH2jXiHFU="}},"dRMgy8CUf0iMYS5h+culjGDFfmKeUbrL5I/0wsKOiQI=":{"valueMac":{"type":"Buffer","data":"i3umfZ8+pHcwyvj3nhnjtV0iB6RYjLULLvBDn8/sk4E="}},"eVrlqLTFyRj/0GoJHWaQ8/rE4LjJ5hyaILX+s5i0A/U=":{"valueMac":{"type":"Buffer","data":"ywfEuJdtc22HpFagWDrBzhUDiR7oAOsMZYUSyPR0k3E="}},"ebbNbaUx563mPcSz3mwVyZfvrvJihdmCYIKF6vsNv90=":{"valueMac":{"type":"Buffer","data":"4Xx9MNlhLHjvwosVubjNOP8IQCspeHUX6/7zIse53HA="}},"edBu1PZfvEkWkQfqFvzC24SNjtnxEWo1u8HWghMb6ZI=":{"valueMac":{"type":"Buffer","data":"PWO1j9izhGd89yXgO9woOxECyECNHEFGtip52tMv84w="}},"en2OWtC+Ay85vatu/cFriPJuItMThnQXbCIZNFxex5s=":{"valueMac":{"type":"Buffer","data":"mm2PljLiNHPl7hNk1d4qDRb2c8Lb21uQDl5Z4X/J4jk="}},"fIBSkBHwP39TNvJeeduSV53B5ZasN8nJRjKnSzTeFOQ=":{"valueMac":{"type":"Buffer","data":"KQHJ4qjPUOCLLFhdXYHMGha7C3780FZ2bvD1wsAhpas="}},"fj/LwB/n1yAKuMhOw2A4h+KrY8StwKQjZ/Lhrm79fbI=":{"valueMac":{"type":"Buffer","data":"qMKIg+MIBsxmiTjx2X2sUJuAPkINMDm5TQv+CYg3Jsg="}},"foIQfKay8mCjRChEbJOjHSueO7Dx17/5zwE4ibUxF4I=":{"valueMac":{"type":"Buffer","data":"gdgs/EbkXggKKCRn8encAO0NITFr2OrJhs7D1EQNvUc="}},"f5mG9bftwUe2IXWJ3824nktRVKRyU6FkaPnke9KouVM=":{"valueMac":{"type":"Buffer","data":"JX3hdy/WwD3SDdV3fC1JgqMh76i4jGYYeDQS3K437mo="}},"gX0ePIC1S7A9CcZAvA/PunWCmetJPUWPxFr77jntXos=":{"valueMac":{"type":"Buffer","data":"OJw5Z5oA+5yvD52FMRBEtsvlWqL5K2CpX3FduG04gmM="}},"gjeE3qDp/rhw9Vl0lWFuq0sDyeq+Drmk4DzHBB/SMtc=":{"valueMac":{"type":"Buffer","data":"0XZ73qvw8i8I2vm1Nkh/RNFQXXUTPfpKRBLBW/FhPLQ="}},"gl1Mj5BbbDQt+6sf5y2tK3TKO0RM5AnqYDR3ArJ3Nuo=":{"valueMac":{"type":"Buffer","data":"Vclu3nfjqYDkzbOZXfwt5XsDCknCwxNsy+ssrI9P+dg="}},"gv2dp2TOnqk7pRuP9NYbS++04yPXE25F/KgCluH1MgY=":{"valueMac":{"type":"Buffer","data":"DrTwRuSELDXVlp4kJ+0PGkS56zfM+OA/jZHv4OWU/ZU="}},"g4NRm15Gai9vN6c8dRFa+Ote/55dS0Y1Wvwi8AoJX7s=":{"valueMac":{"type":"Buffer","data":"VTUiV62G/sFaqjDDGotjm5HdH+Bvj7J1wNsdm23okW4="}},"g6FMul64gNAPVDsiUW6HhjHZ/VpiVgfDPWqJ+OgshnY=":{"valueMac":{"type":"Buffer","data":"quxnc4DQbxJB3NNR9XBsW89662CWu8mXNXvD3JnT74A="}},"ic6lq3yWAN2LH/7osImmxL6xHBVUvZ3vTK9WogB5fsI=":{"valueMac":{"type":"Buffer","data":"q3ZcTvLAKRP+I+2HygcQB2QjLXrS4P8jYCdHEMKtjko="}},"jCllHkWpkleVSXyZMoSZ6WMkNfKCeab88CqP3ZJ3/8Y=":{"valueMac":{"type":"Buffer","data":"uf9wypC5OgN0kBCY4iI0vLt4Vp51+VutVVBi7YByu+g="}},"jIJkjYWVmrlMtXt5UsyWLUPyOZS+yzMJ9PSebalnzfA=":{"valueMac":{"type":"Buffer","data":"0KBiZkJEdS0YX6xnjVq0lUVh6T0h8jrBMEwPlsZ+E40="}},"jLnapy+UYu7p+0BIuZQEuly+ruqhkVMQ01LPYLf41PU=":{"valueMac":{"type":"Buffer","data":"qdfmsDogbULzMKm6m9O2D3QHQjEJKzPHs2qhtDVnhmA="}},"jV4laA/04Fpv7KC6mwIxqHc4GlDcE2m8e/Un4AW3Lt4=":{"valueMac":{"type":"Buffer","data":"OINZXNXHDZnI2oG2Dbgk9F6K4+eE4c2oDpDpRaK8Jxs="}},"jvmyK4J6p6HU3tWImwR+5YM5aPj4lOHAwt1vpCwwWno=":{"valueMac":{"type":"Buffer","data":"txRO/YWm3GFRFve9rTetpinIOZ1XEj/Nmb5LqeYFRvI="}},"j7cu3vlCDvqYJdGwAzlglyI8vbWsZbloGa78VIxdOKw=":{"valueMac":{"type":"Buffer","data":"//F7bShGIP+NktQYAv52j7JnCX8KzKFqgU2eCUbEwG0="}},"kGwxiHxQIHwanqI0X7Q9N3OdmQKMyRo0Yse1oDXCPyM=":{"valueMac":{"type":"Buffer","data":"gvqus256RjFb49sQle2tgjlNdgDzBvhJN+t6zeXTAC4="}},"lkXR9DggIXXnVhOz1mdotTO5PnCWxmsTwdUldgJbsAg=":{"valueMac":{"type":"Buffer","data":"7QA7ywe/cEOxI8Ftksxwaw6yX81llfE7uMJFx/6kFh4="}},"mW47OEH5wDs728kasgRwzuvbVEgKyN44o+uFIsezmDs=":{"valueMac":{"type":"Buffer","data":"q8RKP4XWP4Yj1koai1EPAVThIMk+M1v8uiVNhs+ajFw="}},"mqaq7kn+psTqEd46NjGPkT3wwsWbOfKlHiSf8YEKBg4=":{"valueMac":{"type":"Buffer","data":"lZ6YQl1s1RK1dtM2kHd0SfdZxaAmHRPfnfnD8BxkjoI="}},"m1/Atg9wlMr7o3Ogr74qywsFXSyWeA/Sxk3hwxJOmCs=":{"valueMac":{"type":"Buffer","data":"FVBDrmA4TRChq2sUCAdr90uDmkVDQubWeNPIev6ANE0="}},"nF0g6oe1ZmVQwmktG/8N3eeELgqwC9NLJyUVWHobvb8=":{"valueMac":{"type":"Buffer","data":"uiHay0MG6/tTGraRizJLynrpjJ/m5RoampPaKRo2ofM="}},"npxmLw2Jrljf/l+jOWvuNJRn7b83NPqlkOXP5D06UTk=":{"valueMac":{"type":"Buffer","data":"DHHTtfgzLZ0kR5awtZi0Zo1OxJ2OCtofWsTtXth/sBw="}},"oDiekAfm3BmBpezcfXKz3I3Ad7BYkIXvRAwRkh5vmwE=":{"valueMac":{"type":"Buffer","data":"nP5h32iV82Sr6kWhEED4iUxR2N3vMWxfTgYyRBjhupg="}},"oRpRJHFBgY5eOCAnza0g2wadNF0k/Fn9Y7ZQ2+f9d6s=":{"valueMac":{"type":"Buffer","data":"Qo17x0LhJoWPncC4aulWKqni2EpgAQ6dBk0qrS0lwwY="}},"or+eDLZhGnXnsTvhmseFh2t8WRqsbj9UsK48WvLQTLo=":{"valueMac":{"type":"Buffer","data":"HRKvNleiKqct4Z0vT7HD9w1IwqXBLFZGLYMdc/5TLcg="}},"pMAy0drW0EJp7JcnWZvIa4p/PnaB1zJ7rOar8t4d6Pk=":{"valueMac":{"type":"Buffer","data":"Gx4kihKU2FFk9D3omhDpGGkniOWzlAqFt+hKoYpmwqI="}},"pMQn1r4++sKUC3CrUK2YA90dzOkgbJNZOAkrJ0Rtwzo=":{"valueMac":{"type":"Buffer","data":"PVp34EsazVMMA3YEcY1GV1MRMfiZF5CPptD6KNoyp3I="}},"pg36CnRNFFzrvKlHFCiALrmoCho2cNA30MjwB6W82yY=":{"valueMac":{"type":"Buffer","data":"Ig5sMEchYiHv/av4sJcxzt1jHAOaGiWxEX/623cqEPU="}},"py5hEQTaBX53RNOLDV0KlD49J64OqJdqdaClYToHeEQ=":{"valueMac":{"type":"Buffer","data":"Jll1eEVgZqoi36CRSZYvC/Cm7HUQ72X/mAmnzIszpxk="}},"qNiDBeRMBFAQ/XzIyKafwIwGlViIBafuwmlX5ojbtkg=":{"valueMac":{"type":"Buffer","data":"RvACMAXFpu6KrH3mmpLvgSrSO7OCqQJtptiITXTj7BU="}},"rAXEd2/gPNrLjNfH+7tU8otTmYqEk2OfOwEKkrm6mYY=":{"valueMac":{"type":"Buffer","data":"vUiflG3UkmqLAE4eYVnoSoZCS/8PT8auwRsHVWNh7sg="}},"rMAdICsPeJxVFnVFxUBi84Unj6aMSTRHIh7ii91Ylb8=":{"valueMac":{"type":"Buffer","data":"66D0TnhQh23xZnm0C6+HgKOAOoHS1RNaf9ioYwIiI2E="}},"rWv0Mkfji+gxjTr7nL8zCrESo7eQJEICf1Lmi0AEdwk=":{"valueMac":{"type":"Buffer","data":"n3p/4donj/MTxGib9jbRBYcVFDIHEglc0SZea5mXlBA="}},"rdklxzX5JZ/axpJ0geWEFQOi6Vd2PKCDLGnV4y5q0MM=":{"valueMac":{"type":"Buffer","data":"d/3WtDfKdnvIWgFU9tQ/fRWl7lfQLaIPM7R+8Oqao+g="}},"rpw5xqE+TCn5jFmIXMghtEkXgAxBd7JWS2gT39WqMeM=":{"valueMac":{"type":"Buffer","data":"8HLjpHzYshC+SuAZv5pF2qNzkpqF1m0oK+k3PCYylLw="}},"r9mDUC7prGr+VZdBglxNtzuDQB5eOkEccRP003yfT34=":{"valueMac":{"type":"Buffer","data":"By5igsP4RIQulF1LGGCDxhTF9wRU/Ld0tUHBrpPZ28w="}},"sBTz+z6nXXBoi6S5iLDhYjFC+N8pLMrp6dr09ewGoAQ=":{"valueMac":{"type":"Buffer","data":"otn8dkH8S1KDCewvfYwh9LOaUUFbN22fScTZ9jdcGdQ="}},"sB/qbjQgdHDbSMYArNAR/tKsCpmG5XCeNqveAx0MGzg=":{"valueMac":{"type":"Buffer","data":"9TnbSVjqu8lIihdKvnjpJ6AqwLGgEEXxf+usO8d+WLU="}},"sGqiR4bomMm8Fi80e4/gXQk+tNcT2fkM6+rLA/eltz0=":{"valueMac":{"type":"Buffer","data":"wbgP+TvOUDIA6geZA1TOUnV9V8d1bHup/hxz4+uckFI="}},"tYroncjp1Myi59f1PaZKImpLQhKyMDyYcSNTStyBDEA=":{"valueMac":{"type":"Buffer","data":"76owpzudJmUhyX7xUzwiedSCG+gvPmpIYVT7SrWIHy8="}},"tbfrPaavChLdr+0bz9FJcGUj3UZlg8mTXKfOyZ1h2bY=":{"valueMac":{"type":"Buffer","data":"VyKLKAp8ws5yYL7yuAoQLlK4AIL6l9dsLMZ7uqc8bhU="}},"tikjH5qMri/uhZHp9XZ1dU9ujSuFI6qk7W+mB5S9eo8=":{"valueMac":{"type":"Buffer","data":"CEXHnhbQqqOLW2w9EemLrp9fYWwIHwhoE16GJctthTg="}},"t2otmCMvTfIgzrTTcw4evw2CkasobJLw25CMdVa4lBw=":{"valueMac":{"type":"Buffer","data":"29m1bGeFlVwEDp0/asxGD66sVnQ79pKT3aa/wbrdspA="}},"uEVJWG55sFgnKATvnVPlHB4HmhTZExeVK0949nD3aQM=":{"valueMac":{"type":"Buffer","data":"5tAeGrWfOFCnQun6UVvHVz696EAjTGJBhVFeZARkeNk="}},"uIrRfvtVI4N5MLe4lu78XIkrNHKRJSWecUy/0LiFqOw=":{"valueMac":{"type":"Buffer","data":"i0dsjNYzUTtJVHtJjUpfp4kVfV7QGIXHirIkHH+clCQ="}},"uep17L1VqD6QuVFqSgStIASuXJb9B79IcDQO+kcnY2w=":{"valueMac":{"type":"Buffer","data":"FU6eys4rg2RpO7mq/F/nqOmZyKcDtbjJdpWVD2mtFlI="}},"umnHRGUPr4bDPqnupnfaDOKv1A7WCtzlnQwJt6VnWQY=":{"valueMac":{"type":"Buffer","data":"SC6bgsrdXUrhcKYKhhNSIhLyAWQXv6JCzbTjO28fSwI="}},"vM8J0xTdp4Soii4sAOk6aXs8yGuUPkro9QAHpG766lQ=":{"valueMac":{"type":"Buffer","data":"WuIi8lW3UL7o/v+azeFbfIis7FfkPbgnlwho9aS/4kU="}},"xA9xQzDYqgU5868vDQJN1mk/SIygUAvnOnbmxshp4Sw=":{"valueMac":{"type":"Buffer","data":"93/UObI0Lxx5boCG4XnuUTscqcgNd+oNwl8m/UFmvq0="}},"xCqz8vak7Kjcomu+YyROW1YgPZTI6P2VxRHOjuQwhYI=":{"valueMac":{"type":"Buffer","data":"m6YGvQZqmcT0mePR30HDQzkz1OfZsSTIIVUHNRJNUQI="}},"xzO9SKA6KKMk+FfeVsUBHwU4na+WKIQsjeeHa0w+4zY=":{"valueMac":{"type":"Buffer","data":"EkxKNdn3DjLLrFAMWuXh/TZjDu1wcxcExWOjB9pxpQA="}},"x9/Etpgte7wkmfcZ1yUrVp0pXFqbUQuQ3sVOKHHaA+w=":{"valueMac":{"type":"Buffer","data":"oXCxMG2g6OCQ1H4t8XSIOxXdzp/oxGbpzTEeyIFSGgU="}},"yhy8Zuc9tsolbNTSAyVtzupxAScMJNOlA0ISbbpxkHQ=":{"valueMac":{"type":"Buffer","data":"tHRULatuR34LLFEp620ewvETkMK8Nh6Hp+wmjLeUYWc="}},"zJSO0nFxtVgT+a6Zo2vz1UL3QGr/INF3TTXEb3CD8Io=":{"valueMac":{"type":"Buffer","data":"ez1J2Mp4dRzpLdvffZj1f308CiowoEc5uAyZqC3drUs="}},"zW9/Jc+2WcBZ3Mg84+3l7VGAZvjzaJWWVtdfBrfeWgU=":{"valueMac":{"type":"Buffer","data":"YMdUPMbhpsTDKZEXLdLEjRQQuy4rK7IbIJbPfm/bjuU="}},"0RjcmaPYWu0jbHSHh+Ll/5o7s6wD9arhN/xDAdPDo0U=":{"valueMac":{"type":"Buffer","data":"VUAtOavO219uhJP/ewhLwmp5hYrM0W9mXdh7NJPg5ns="}},"0U2Uv9Jdq6X6waI02gbKN4jSGzjEq5VeTeR5PXbVOg0=":{"valueMac":{"type":"Buffer","data":"tOdGEgdB42ZGMjpzCjn0sFGNu0lrr3wIbFEbjD9sdTk="}},"0b4o4n1uG52Ba3cBmPf3r3AiimDyp03IbQjpT9/pSe4=":{"valueMac":{"type":"Buffer","data":"9KQZVXdtk4AIfdUn32EJdYUsf7MHgv89nJIKPAAVwPI="}},"05EmFy56NDeZkB6D/q4kYJF7x9x7ANnZqGmTvT4QYkQ=":{"valueMac":{"type":"Buffer","data":"Ph/cwPeNYW3cp4mpY0Rn2/Q0l66K8MuhzzDkVnT3tcE="}},"07Mfw4vJYhTnNw8X9pkJfcTJEF3yON76gHW/7w5oadY=":{"valueMac":{"type":"Buffer","data":"ldtU7dN9fS0CeE3Z96Bcj1TRuPjdEpiGFADBEzaTnvw="}},"2HGQ6yF73/rv5Lq4yX+E2uCuNaSERmQRw0NlKqdd2nA=":{"valueMac":{"type":"Buffer","data":"x80Z4fgcH30Z3BIXAcxE2i/FLacYJfyfyd+7IKYXRKk="}},"2WuU5WMJ45dB9Gvh3atWWfvuDaO/lxtdOlN8S3ghsN4=":{"valueMac":{"type":"Buffer","data":"zSc9qgo8Qug5cGI4hBgBWtp6PzT2/0ewOfLzM03iW5g="}},"2XcdM29KHM61jUFcKXlavpQfx2ALDGH2TEFys7M+3k8=":{"valueMac":{"type":"Buffer","data":"Xd6PFSshvGZ08JN1IZMaRea+Ohs9ILWiBlanKCd7TRA="}},"2ZAxqwdqTYYj4aWOYRJ8OkLZb0OvauaWdkpcN3OBBIk=":{"valueMac":{"type":"Buffer","data":"/UqwLfwGXfJ+thE17Fl2cSJ0MxPQLnQQfljp9ay+fuc="}},"2kwuTwNJOyQmieZNqDHnw+jPy8WjsPqbvGNLntQIiQE=":{"valueMac":{"type":"Buffer","data":"ogayAYnwQ3luqkMUzF6xi4VuIF1b8pCZ1gIGNy18gDg="}},"26ZbdqCt1d/da9YFEFBgCCazoI8FrtcJd12P/xdaclM=":{"valueMac":{"type":"Buffer","data":"PaICWq7Jp2q5tSacNjC5BRATee2bY3DcSOORsD1mhHk="}},"3JudYz+LQawRm0MdfO6+gaqid2WWOgMmnXeEZJXgDA8=":{"valueMac":{"type":"Buffer","data":"9A1YldeOrVB75AUrwrZRvpccIgb9EyXZr+aYVXsF9fc="}},"3tClEUZjARryoUljZQSWdbgvyIAxEiRhW8rtFp4eUiw=":{"valueMac":{"type":"Buffer","data":"+19gBVkl30fsjEs2IrtRAwomPj0TCg6eR9C2zPJLW90="}},"33Rp5jKFI2HODvUmcno1eZjB4/zudLsyk5cM6+3FEZA=":{"valueMac":{"type":"Buffer","data":"kNQ/YS/lM5DBPxdX0HO2dwu1nRXVEXgTP9YxuO1OnMc="}},"4YL7G1yYNKOXepkoFoGsYR3Kdxvf5y0XlhsVzVCkX64=":{"valueMac":{"type":"Buffer","data":"XrfiuE9uTagi73+uMctA0NLT2omN3kvwoB42debbNbw="}},"4Yfly/7wXw0yBIUlj/QW+NLJYQxl9+JrQfYN915/KBY=":{"valueMac":{"type":"Buffer","data":"yrcFujawmXz5rNL03L+m7Nfw+N4t4/0VFrFyqSQ9RQM="}},"4oabIETsapcbpXHhK/jX58ZvvcEpbTRXH9vR5wPuh1w=":{"valueMac":{"type":"Buffer","data":"eB2Cryc+R280M5J07tYyjFEJ89/6sngdSxHmWJ5nzcg="}},"4u8fcAuQ5jySHGj15vh+Hf5pCESLJqqxJ+YAsiUcodc=":{"valueMac":{"type":"Buffer","data":"TsFWeNmt+WGhhpyj8UUV1z+fznYoHvfCffOXNEYUXKA="}},"4wdyLvsjqr3TY7gO324PbQvG7WwGqq0qRi1l874D6oo=":{"valueMac":{"type":"Buffer","data":"sREw9CaixsApbUUaO7/90AE265Rooqc5UdJzPkoCnx0="}},"57Zhsqq7P2f+x3sw52jFqe+fZoVyRjq10cviJ0hIGzQ=":{"valueMac":{"type":"Buffer","data":"aJdO75Sjafpc8c48MSspzH/NDVFgDev80YDdVn7KFgg="}},"6KUg8UkhzU9glnktbnG+zMWfuJIuA2H/HqC10JvfwQ8=":{"valueMac":{"type":"Buffer","data":"i9Rq+6uP4shzylUanlo1zpx12qrcFAbC+XF9ZO8GgAY="}},"6Yjgg7OWFJpE7ogcjVeKSHvGU5y/pVq+X/lrxwuj5b4=":{"valueMac":{"type":"Buffer","data":"ijxy/lHAPzIQRQJmpMcpslNQp+pw02LhItOFfXLZXPc="}},"6ok3yX18c5nYvzFjec6q/L0f80uw0vYQflrQqtAxmQQ=":{"valueMac":{"type":"Buffer","data":"h1LTJc13dQJBsrH/2JvtPZjo93/Ij6WUioa826JufFU="}},"6xlMG9zg3POenKRAZlj6C7Y1zMn7lc0l7LbpaejFgTw=":{"valueMac":{"type":"Buffer","data":"UkINKhDL4jxCS6/+pAP8lzq9W1b9qzkNnzJiVFUc7fo="}},"6/UOhGjN++3e0QQrv0zJTksX8VmvuZrfx7FWZ48b7j4=":{"valueMac":{"type":"Buffer","data":"p/XeYCAkRhIAuKJdlYWk8qYL9RyxFiXDJ2a/+UT0gb0="}},"7iV0rWfBHaXyA0p1NExhN773CPG5o8lYK2ERjUvSLlE=":{"valueMac":{"type":"Buffer","data":"GroZPM26xhokbstbGZeFIO7E6SWjuzLz8o0DLq0azOk="}},"8FqBk6YicwI1+106s8eHlABpBNnoJ+z6F7z7a4bDlGE=":{"valueMac":{"type":"Buffer","data":"R6CywhRZGlPZPI/v5Q97+b4qeDpCtRImVE762L8CqEE="}},"8abxDId9IxyrG05FytOhO92I9zIktnuS6tQeB3hd850=":{"valueMac":{"type":"Buffer","data":"4S6Gk62I7AnoWdLsZRnEj7RX7j+nZpyPadf0FmJ+PcI="}},"8qY+gUipdt9WEs20Otu7qNIYVj9qnzUF0hGZlbR339w=":{"valueMac":{"type":"Buffer","data":"JhjrLUEWQpWLbZlxPM/vbpZpuIatQTeFoCJPXUP9Cvo="}},"8zpmpRoQ4za92cn2Ly99PDkJdITBNjUjtLatWfQz+Dk=":{"valueMac":{"type":"Buffer","data":"nnM6xcxl4i8q45OpotIs3WjPstfhwzEkSBWZK+kKzzk="}},"9wtDBUP4FOTpmwLBEhsVGibRL/YI5AhncBE8k4VzRTs=":{"valueMac":{"type":"Buffer","data":"m7/UsMQF8x5bJBSc0H2ppFtZ+sYdMZDCe7LjWeQQ4rk="}},"+McnGCZYo91oawtD2G0j+eyz1jO+v2+PrceVAqZ6Tnc=":{"valueMac":{"type":"Buffer","data":"zjTlz5Pi97f1zxIoJM8fzY3cEX5t3bzUD6VKjCsGMNM="}},"+smUqOQqKYOlkeRNlI/d+WIAN+Y2dxHdg3GNOiQBTok=":{"valueMac":{"type":"Buffer","data":"gt9vNd0b6Zuqd3lMgfqzpvKhDRkmprhOjYIxJV5QS08="}},"/BTstTRf+/wSuwcFY39iUX5Kbe07iS/FmneDzMvm4Oc=":{"valueMac":{"type":"Buffer","data":"yN220fWr44cGFE4mlJUz0c0Yt53L7D+J4p1G/Nvvci4="}},"/sVdKxWFR5q+oxqRbVCgl6VvzitaG6ubh6m52CTqvsk=":{"valueMac":{"type":"Buffer","data":"vgSoGW70sEewmbgxO2W7VUE1U/yntMhps4/8CFnrEnM="}},"/+hM5AH2Uucb3LgueCDLoHNOiLCI63TzuGdKXlI8pp8=":{"valueMac":{"type":"Buffer","data":"uCKWtCxUwXe9e4nO3R4HiMkzjrrWsn1avuTwNvmq3Bc="}}}}