{"version":100,"hash":{"type":"Buffer","data":"QLLVq058Ax2sEXB7FozN0t7/sYZJR1+B3iS9vW6yUCSnWwmQ7ni4n9Hzi7w2Izu/C+EnNzmKgs0a+qUeF15C+drfSWBMjS5JCi2CRy2e8xr6NPiv1tCIBOQGoVWESOwL6gysSwq9CKLrQ0gqcq3P7bHF70e09En1YAru09sEl1s="},"indexValueMap":{"ADEZitviMsrRfhvnDgVbzkqrijinfi/WZURjm6nZ7B4=":{"valueMac":{"type":"Buffer","data":"oMSDpauporjifRjuT45YfFxMOVsUadED+/vNpUMLD+g="}},"GMrya5+iDBhLLMZWwu84zLUXJuhPnNsz0TcTMFVAVfM=":{"valueMac":{"type":"Buffer","data":"/xKNCWgdL+oi3j1g/AJdVFSUVDmJZe2krjQ/6USaB/s="}},"G4cSkevBvSTuebLZJNCcpHEeux1FCdvslZxoltzj91E=":{"valueMac":{"type":"Buffer","data":"eyj2a9Rgpm/oTc13HDbpxL7t2WoQg6bEsa56bOzB23w="}},"Kz/+rfcFV1d/6PbSrDJ13vUepdjIFrh8IpU5SOfqi8s=":{"valueMac":{"type":"Buffer","data":"gT23Mi6ltn5GR+J1YzI9/aADoPV/BfWqTBQcoxAEndY="}},"OE9kV8np7g6U9FSVC/8SwGcyWch5qT8KRZZvfrJZ3bg=":{"valueMac":{"type":"Buffer","data":"R2ts/+P2m7CxIiLK48tBNjxHCl0dy9AZzcN5Z3tGkF8="}},"O3VXC46dyjUEQ6M89IGq4EOAJ/+iYk9hqTBvG7N0mVg=":{"valueMac":{"type":"Buffer","data":"nkx3tpP1tvRi3cwfNboQl7B/0nUKJrC2PPH5G3XgDIY="}},"PTgYGu+P3vYXIk4DEdGWnF/4df4VSNamS5kZ9I2hDlo=":{"valueMac":{"type":"Buffer","data":"a0ULAyeXFL7ZxyfZCLMctz+T+dXbdNEwTnoN7a6/7ig="}},"RUxiSLCLztjp/nm6GaBF/yvXYJa+6Pw4xYagAtq2LSg=":{"valueMac":{"type":"Buffer","data":"8mBWWP0aQ8WGvc0ovZHh5ybExKO4H70u6jvMTWHyKyg="}},"Uvq8sqJndqvNtk+MVISBwGeDSzz5s0ajwB04rLkag7w=":{"valueMac":{"type":"Buffer","data":"c4r20Heq4oZHdMGoCZFc+f/3E0w/z3zkBzKiFncmtLU="}},"U9M3OsYb6Dz2mYjX6ThiIFjl1qGxvxAXUlYalddnF/4=":{"valueMac":{"type":"Buffer","data":"r1pUxt3b1Y9os4/AVhVe7bscMv1k/J980+R/1rpA+0w="}},"Z8GSPPQDRmzh/dLzBk+cf+Su6dBDZOGes/3G/Y/nT98=":{"valueMac":{"type":"Buffer","data":"uw5rVy/i77ie+g6OlsMUDhEl8L/TyUttIFOv+FhMp6E="}},"aozK6CNu8/m3XYOY1+gSF80jvp3gJmFF9kXYFihE598=":{"valueMac":{"type":"Buffer","data":"flcYoggq50x6dk+wrfBWNO9GffSaJTO0hcdhMEjFnY0="}},"cgASXLaD+1OWmLh7lhCQUv0905k25zYkVAdjlYGx33A=":{"valueMac":{"type":"Buffer","data":"vq1s5IsY/kUXaI6FJ8Eb54TslckYNTYzkIc4J7vFn24="}},"hU1M435XQF6f+rm3GxXwXZ/fKRiB/HJFEMjbcoz2Jes=":{"valueMac":{"type":"Buffer","data":"kxSnp4xMPESlQUhbOR6GJJdyoE4ga51fWjsQ558Qwdw="}},"ir4AQO0D1WvNAV8KsV01lQzeSHcZaOYkiwEA8PFoOhY=":{"valueMac":{"type":"Buffer","data":"NloOimmZf8uSD7SdXddCGqKlNSbrEfxKY2f3/HTeQR0="}},"j3eQNoPuEcPwncTXVjB1zdjh9hNQz0teTeZHxFhrZDc=":{"valueMac":{"type":"Buffer","data":"qIooU+t5xSwEB+tJ70RUzVy3yOvIO6Yt9KBnXtdU0tw="}},"lLEPw9usdHHNjgBoolcTfMZ9PUU0xzyOOEJXG9auKlg=":{"valueMac":{"type":"Buffer","data":"BC7Ri1dNjEZ+l6vDsoDtfRfKgT+K1ojPRpIgu3XTcPA="}},"nOXlVua6ogktCUPpse2JaAw2A2ZegMhNuvAqGwpHIXs=":{"valueMac":{"type":"Buffer","data":"KLQqr/YDS2pg915QudYEOvguFoKx9E9IdRn0HlyT1q4="}},"q/zSNVqy4bTZqwLtT1tx+6w/apIVW6prz4g/3HMFle8=":{"valueMac":{"type":"Buffer","data":"tommW9nIaHoT1I8yf4oEdAu0CCzSJthVW+O5qGhiaOY="}},"rRuqCA1PwaZi2gEjsP4qr8CpUPxN9ilxiz2huPFV554=":{"valueMac":{"type":"Buffer","data":"2o54UoQxQlgHw7HiEMlM++hZ6Rd+Qch4tNxEhfcVC5c="}},"sclDBTkmf3My91omcsvT5B2sapvakgiO9IPlhMWYd4o=":{"valueMac":{"type":"Buffer","data":"87R/3EyRZK7d1M9DD7a21BFVAUgRARAHvnkutoO/raU="}},"sukxSZc2vmuJOzeyMOmdNIEU1oQMLanTRJ9N1T/XDS0=":{"valueMac":{"type":"Buffer","data":"g4m23X105Y53u6Uwddo2Gl5/4vtDC1uvpD0fiEO9KDo="}},"uy5bee3Nh3w1sNGqLp11vVHNGy+C/y2+JZs92XvsraI=":{"valueMac":{"type":"Buffer","data":"R4Fw+HrAGA3I2hVnOlT0c82CRWq1kLQ8HB7tqOUiRKA="}},"vR2Xm+MXDhWf/Me5TceUiaNmJLV3neEiuAmxnnAcnBU=":{"valueMac":{"type":"Buffer","data":"5hgUxHmIgYmNBzFWQgJX5HB90I5UmEHRskbBzfUut2Q="}},"vffnlNi4yJ28x+LdGyGI6ruJJM2paOWnfzsPfSd+RjU=":{"valueMac":{"type":"Buffer","data":"k+htdn3j8R+jo51wnRRJYkzGhgmdR+0aaLPqrazZtOg="}},"zToj5YR37Q/nUICvzVlHFceBu+COXCySccIwwqzoZo8=":{"valueMac":{"type":"Buffer","data":"NXmgSpjCMXQMD7n3ns4I/1vaIPnbrMHsND3YKYO+B4Q="}},"18LL+mGsBHM0DXU8q/v2keGoVykLxSgVAVVWtrcoRjk=":{"valueMac":{"type":"Buffer","data":"Wa82CFYY2haMxIO4yn8vz2sLS/CczGiNhFBecKecdSM="}},"51IaGtVy2wdlz9F//Yo8MDwFGOP///b5fCqVcw5FK74=":{"valueMac":{"type":"Buffer","data":"N6BLev3r9WcXeb+XaQdAZebziBDzQG8Zo7qTm1V3FhM="}},"6ri5FzptGtPUOKU5LYZh9KGKFkQq7Az2w/wVy1Kk3pI=":{"valueMac":{"type":"Buffer","data":"ZwzoqZB9wBop5PhavdLXva+K2ZUxTCA9h4dYooDXSgs="}},"7j1YnA/w12W3P0owUvMOFolHnNguEX03AziQIVca7JA=":{"valueMac":{"type":"Buffer","data":"Mr1Pn6Pjq7jZB6qkdpCddfZMbPqOf5uwiijGSuTJLOA="}},"7zWFNzJ5uXJNB52CvgoKj5lXn7Nk6/46olHBrvRgtMw=":{"valueMac":{"type":"Buffer","data":"a7e8czD4fDaXnw8wu4zyXIyluFkMt8NiFbbXm6feix8="}},"8LG0ErDVdGXnIyY0CaWDz5w2C4yFN6wD6UfAmPnBIoY=":{"valueMac":{"type":"Buffer","data":"Y23iN9GV7AoPBpWh4JXKtDhcnntq7e4BBrUV9mXfCs0="}},"ZZCrLP8OF/h5O316dHkjIPCIB6MCYJGxfpD9rG7Atmc=":{"valueMac":{"type":"Buffer","data":"4j9PTNGMcQVFjpFhf9n9P1G75urkTenQha3TyIGxE5s="}},"HWn0QRhpt1jKdZHzivk49MC3UMcdTUCKkGXvW1E2ImU=":{"valueMac":{"type":"Buffer","data":"cBihOOKEptRy52lR+Ql9B2favQlWjlxIn4kzRzan5j8="}}}}