{"noiseKey":{"private":{"type":"Buffer","data":"6H8q3PHu4OgNHUU4G2c9mJIcI7M9Efc3cjZQsQboIGU="},"public":{"type":"Buffer","data":"vboD2eDq5HZ2pmbVz8/qr2Uasj03+wrygJKyvYkBH18="}},"pairingEphemeralKeyPair":{"private":{"type":"Buffer","data":"OPTZnJJuSyXn7a8gQI3rkEphajJwO9KBF8X09LRXZUg="},"public":{"type":"Buffer","data":"9CC5o2XruOjAAH0TNIGjM3zUjY17mj+60w7cwYPkIRc="}},"signedIdentityKey":{"private":{"type":"Buffer","data":"QFDzQ3YkTdiGPVqEqC9TEWNLbLyuFYiYL3fKM87zKXo="},"public":{"type":"Buffer","data":"MaymbZeNVycN7jNwTubT8HL6Q/vVhxPvEsAmljA2rzY="}},"signedPreKey":{"keyPair":{"private":{"type":"Buffer","data":"kAVcGdHrTo3M0QYoJkRkfDrpBsEz213bYMJOq0GtP3Y="},"public":{"type":"Buffer","data":"NKnQYzGSL0T4vngf69fScepqyhHYkGGcfaI4ntDaFTw="}},"signature":{"type":"Buffer","data":"rUoP/K5/NH0tOh0eL1TUO7V5/AxoTpnglwsgDPWSym74AQ6nv4mac/coumplM1C5OthugzukJun5CUh+LeZ3iw=="},"keyId":1},"registrationId":80,"advSecretKey":"t5g96nzFuCvSm3ytaUmtPbR7zLogfmRbPzN/u07zUo8=","processedHistoryMessages":[{"key":{"remoteJid":"34613947550@s.whatsapp.net","fromMe":true,"id":"E9DCF61BC410FF4ADD37738D43427FA3"},"messageTimestamp":1751635841},{"key":{"remoteJid":"34613947550@s.whatsapp.net","fromMe":true,"id":"9633B908CD3F0FB96C631D1A1490A76F"},"messageTimestamp":1751635841},{"key":{"remoteJid":"34613947550@s.whatsapp.net","fromMe":true,"id":"FB0C1A003A47D946B9A59ACAA9A5ADD0"},"messageTimestamp":1751635857},{"key":{"remoteJid":"34613947550@s.whatsapp.net","fromMe":true,"id":"7CA961D253A4FF6DC2E650FDDAF286AE"},"messageTimestamp":1751635866}],"nextPreKeyId":31,"firstUnuploadedPreKeyId":31,"accountSyncCounter":1,"accountSettings":{"unarchiveChats":false},"registered":false,"account":{"details":"CMbMnPUBEPmun8MGGAogACgA","accountSignatureKey":"cqBfuBo8DqIGhINDagkCCYBnR4j6ehBLBbUsFcgtuSA=","accountSignature":"xdZY6si58GVMWH/AyvTBTpLVIr7skdQmxmZsC901NHLosnB1/UqDSrbWchUCIAGYmXyrVok5Sihyl0p1lChhAg==","deviceSignature":"6/6UBvxKuLFIDX5avWSGBra0Gr7qFyZ0fJMg8L5gSZ2+osDXHYHxDywx002oq2a0FHIkFSMEfyvXVbslDBEmgA=="},"me":{"id":"34613947550:15@s.whatsapp.net","lid":"221298575864025:15@lid","name":"@🇪🇸🥳"},"signalIdentities":[{"identifier":{"name":"34613947550:15@s.whatsapp.net","deviceId":0},"identifierKey":{"type":"Buffer","data":"BXKgX7gaPA6iBoSDQ2oJAgmAZ0eI+noQSwW1LBXILbkg"}}],"platform":"android","routingInfo":{"type":"Buffer","data":"CAMIDQ=="},"lastAccountSyncTimestamp":1751635837,"lastPropHash":"2V77qU","myAppStateKeyId":"AAAAAFsD"}