{"_sessions":{"BeRvedNMjzXJn3xJlQT1GuBaCehrZwSRdMJ3LFajHiQV":{"registrationId":9429,"currentRatchet":{"ephemeralKeyPair":{"pubKey":"BRE/LgH7Cvavd13ZKhHaWLvO6jjJ1UrXURdbmuj5za02","privKey":"iDQVInDXK+Ehtc/xeiOT80XHhvcLScwfXkK+koyvXFU="},"lastRemoteEphemeralKey":"BWz5F21X5ml3yio+2m3JaI48GTSLTzGlU4fitTU1qqkd","previousCounter":0,"rootKey":"lvKtudyd7wU3JhW98rLKxOcSm38LPVpCNx+GsgA7DRo="},"indexInfo":{"baseKey":"BeRvedNMjzXJn3xJlQT1GuBaCehrZwSRdMJ3LFajHiQV","baseKeyType":1,"closed":-1,"used":1751635967837,"created":1751635967837,"remoteIdentityKey":"BW4aYfw4OniyHGdZ6pO4vLeBWoAvP5c+vsdXCsWk97ZJ"},"_chains":{"BRE/LgH7Cvavd13ZKhHaWLvO6jjJ1UrXURdbmuj5za02":{"chainKey":{"counter":0,"key":"pfDPP+2IQ4UlZPaBvfODRWsCz7JfbGirMXnMRgv71Ng="},"chainType":1,"messageKeys":{}}},"pendingPreKey":{"signedKeyId":1,"baseKey":"BeRvedNMjzXJn3xJlQT1GuBaCehrZwSRdMJ3LFajHiQV","preKeyId":29}}},"version":"v1"}