{"_sessions":{"BciJk26qsFOX2aFVAr45b2RLKioCFsl/WZHpkIJLR7Yw":{"registrationId":1284073574,"currentRatchet":{"ephemeralKeyPair":{"pubKey":"BWOlC85RoZrOrC7idvxdMuz74k42Tnkmd18Iwcxp31NG","privKey":"cOKRJz0B1I5R5Y39Q+Rh21kZumhyiZYF+/E9ueK5BFc="},"lastRemoteEphemeralKey":"BR7wiT+mjA5kMkObyXODx3u4j+xE4DPZV8cfVyTmilV6","previousCounter":0,"rootKey":"CigxkUVv3PQmSGjoVWMjv8pza7gfnfDuVWvNuf/TJmg="},"indexInfo":{"baseKey":"BciJk26qsFOX2aFVAr45b2RLKioCFsl/WZHpkIJLR7Yw","baseKeyType":2,"closed":-1,"used":1751635839567,"created":1751635839567,"remoteIdentityKey":"BXKgX7gaPA6iBoSDQ2oJAgmAZ0eI+noQSwW1LBXILbkg"},"_chains":{"BR7wiT+mjA5kMkObyXODx3u4j+xE4DPZV8cfVyTmilV6":{"chainKey":{"counter":7,"key":"Jfpb6gUNeVLJ2ZEKBDx9N9bag0Pa6FdvOt48PRxvYhw="},"chainType":2,"messageKeys":{}},"BWOlC85RoZrOrC7idvxdMuz74k42Tnkmd18Iwcxp31NG":{"chainKey":{"counter":0,"key":"jlRgO/rQ7H5jD+zw8fgRKsDoJ5eVylKpx1bMR08D658="},"chainType":1,"messageKeys":{}}}}},"version":"v1"}