{"_sessions":{"BQ8u7IAgFLSpm5kbaD6G58GXH3LhJ0A9LGu3emoqQgpx":{"registrationId":737709480,"currentRatchet":{"ephemeralKeyPair":{"pubKey":"BUbt3hyAELbUCs1L7+HDUjq+WJ+pxpcqHVdaMtm2CCkf","privKey":"EB+/deDN67cJ5Rj6pbhBxIskrVTLQ4I8H+QyxYgw+nk="},"lastRemoteEphemeralKey":"BUQ0HvczY7fC2feVBLVBylyOoO85jdYwCXRwXl4jxx4+","previousCounter":0,"rootKey":"dyOccBt3TK4eJcgiDieJ5L+nS0Beij5O55co3b3+kgg="},"indexInfo":{"baseKey":"BQ8u7IAgFLSpm5kbaD6G58GXH3LhJ0A9LGu3emoqQgpx","baseKeyType":1,"closed":-1,"used":1751635967842,"created":1751635967842,"remoteIdentityKey":"BeCvSSbq8c4mpana40CKOcet8b7CQRNm9zo9Fw7Y9HAS"},"_chains":{"BUbt3hyAELbUCs1L7+HDUjq+WJ+pxpcqHVdaMtm2CCkf":{"chainKey":{"counter":0,"key":"IsU2YBUz0EKT7fUAmYH1cQ4pvkiHRtPAD1IIRrmIQz8="},"chainType":1,"messageKeys":{}}},"pendingPreKey":{"signedKeyId":42,"baseKey":"BQ8u7IAgFLSpm5kbaD6G58GXH3LhJ0A9LGu3emoqQgpx","preKeyId":15370055}}},"version":"v1"}