{"_sessions":{"BY7R3mse8xaGdhRZ5oRM2ZuYEIBQFGBpooZ2f2QG0yl+":{"registrationId":3430,"currentRatchet":{"ephemeralKeyPair":{"pubKey":"BfT0RTt+Q6LC9bPhpJmg25E5/N2BkL9tW/Q7MCaPsN0H","privKey":"CFlZ5u9tH405+vyobotmEdA1bKw60mKXKUoeDpROJkU="},"lastRemoteEphemeralKey":"BYKshZ+NtB54DmMvt1oVgruO6y9j2DkVyjO7j025KiZS","previousCounter":0,"rootKey":"RZ3lVbn/fgQ4b7c+38Mt8+hN4tmuk52mRCN+PnCWftI="},"indexInfo":{"baseKey":"BY7R3mse8xaGdhRZ5oRM2ZuYEIBQFGBpooZ2f2QG0yl+","baseKeyType":2,"closed":-1,"used":1751635967381,"created":1751635967381,"remoteIdentityKey":"BXkOBmCuydPOJ8QhGY8LOTMsxnEUPo5HSRS25grBujV8"},"_chains":{"BYKshZ+NtB54DmMvt1oVgruO6y9j2DkVyjO7j025KiZS":{"chainKey":{"counter":0,"key":"GC5LPl/pcDDuag4XsAxl3QRuxN0AtpPvdjBWXEOnUFY="},"chainType":2,"messageKeys":{}},"BfT0RTt+Q6LC9bPhpJmg25E5/N2BkL9tW/Q7MCaPsN0H":{"chainKey":{"counter":0,"key":"0MI1dJ59v0wWkVphSdL+Dm/xUdRWV/AKH3O8t0GwzLQ="},"chainType":1,"messageKeys":{}}}}},"version":"v1"}