{"_sessions":{"BZ/O4JiDfIdZ2wZYcS8otoVEgSv+LW63XZmb4todn6pe":{"registrationId":350,"currentRatchet":{"ephemeralKeyPair":{"pubKey":"BWAKQWnaAHDe+Nh4/UnxlsWS1VcS2Wuho2d6cT+pU/1A","privKey":"UC0pKhyaIDkqGnyEevjeRDgV384so5J0FyFh+kipIXM="},"lastRemoteEphemeralKey":"BS0GKipph10dUUWZPJF4bsa8l6uW/P45nJD4HaCpGCcH","previousCounter":0,"rootKey":"mmNY7vLmL9cH06ibb4HNWg07bg4OwuJbeyhwGi+TZr4="},"indexInfo":{"baseKey":"BZ/O4JiDfIdZ2wZYcS8otoVEgSv+LW63XZmb4todn6pe","baseKeyType":2,"closed":-1,"used":1751635940823,"created":1751635940823,"remoteIdentityKey":"BS5ebiKua8fOAXoaMqq7yVr/rSbdNtvQOILf9gtisxVu"},"_chains":{"BS0GKipph10dUUWZPJF4bsa8l6uW/P45nJD4HaCpGCcH":{"chainKey":{"counter":0,"key":"h4lxIRsf0xfyPoBtLr1fmeZubW3uo0TaKuJ5FmpUPLI="},"chainType":2,"messageKeys":{}},"BWAKQWnaAHDe+Nh4/UnxlsWS1VcS2Wuho2d6cT+pU/1A":{"chainKey":{"counter":0,"key":"xaAL9lyeAZXoetglpahsG4nUgMHhw73hTjACrWCzJOA="},"chainType":1,"messageKeys":{}}}}},"version":"v1"}