{"_sessions":{"BXL1EF80vQvPAo+oOvCRKC5AtVQYq6x8Myz+/soJAkVP":{"registrationId":386570195,"currentRatchet":{"ephemeralKeyPair":{"pubKey":"BfY2VMBaWmtwBIpxku6g91AVcAaHWph29pok07gi2P0o","privKey":"YFwCIiTI4LteduDu2E8SNQ8LW81b7cjvfcjI7VJOCUw="},"lastRemoteEphemeralKey":"BS84DOyh+I6SKYntsuXomHYWv/Tojy67i6KslT6i2CAC","previousCounter":0,"rootKey":"miF7JyckKHcLzMKL/ffiPfeOtakgdjDSdnCm7Uzku8s="},"indexInfo":{"baseKey":"BXL1EF80vQvPAo+oOvCRKC5AtVQYq6x8Myz+/soJAkVP","baseKeyType":2,"closed":-1,"used":1751636102217,"created":1751636102217,"remoteIdentityKey":"Bd4goY2ROFxVyTf9M97C/5YkStAtJaYP76NiaVn6Cp0G"},"_chains":{"BS84DOyh+I6SKYntsuXomHYWv/Tojy67i6KslT6i2CAC":{"chainKey":{"counter":0,"key":"OrRJS1rvteuSqy87uBZHp8cdyUXps23RL7C31NA7l2A="},"chainType":2,"messageKeys":{}},"BfY2VMBaWmtwBIpxku6g91AVcAaHWph29pok07gi2P0o":{"chainKey":{"counter":-1,"key":"OyvAG//KNlXKqZL/m4BUGmGHXPEOmw+6JoMqFyxyT4M="},"chainType":1,"messageKeys":{}}}}},"version":"v1"}